date,close,factor
2005-04-08,1003.45,1.0
2005-04-11,995.42,1.0
2005-04-12,978.7,1.0
2005-04-13,1000.9,1.0
2005-04-14,986.98,1.0
2005-04-15,974.08,1.0
2005-04-18,963.77,1.0
2005-04-19,965.89,1.0
2005-04-20,950.87,1.0
2005-04-21,943.98,1.0
2005-04-22,939.1,1.0
2005-04-25,930.07,1.0
2005-04-26,937.08,1.0
2005-04-27,926.6,1.0
2005-04-28,942.07,1.0
2005-04-29,932.39,1.0
2005-05-09,909.17,1.0
2005-05-10,913.08,1.0
2005-05-11,901.85,1.0
2005-05-12,885.82,1.0
2005-05-13,887.54,1.0
2005-05-16,875.27,1.0
2005-05-17,881.46,1.0
2005-05-18,883.2,1.0
2005-05-19,884.17,1.0
2005-05-20,882.76,1.0
2005-05-23,863.34,1.0
2005-05-24,868.46,1.0
2005-05-25,868.45,1.0
2005-05-26,857.33,1.0
2005-05-27,849.51,1.0
2005-05-30,855.61,1.0
2005-05-31,855.95,1.0
2005-06-01,837.53,1.0
2005-06-02,818.38,1.0
2005-06-03,818.03,1.0
2005-06-06,839.0,1.0
2005-06-07,837.28,1.0
2005-06-08,905.77,1.0
2005-06-09,912.6,1.0
2005-06-10,894.56,1.0
2005-06-13,892.96,1.0
2005-06-14,883.54,1.0
2005-06-15,866.83,1.0
2005-06-16,879.24,1.0
2005-06-17,880.35,1.0
2005-06-20,906.25,1.0
2005-06-21,896.17,1.0
2005-06-22,900.65,1.0
2005-06-23,893.57,1.0
2005-06-24,898.3,1.0
2005-06-27,916.04,1.0
2005-06-28,903.72,1.0
2005-06-29,898.9,1.0
2005-06-30,878.69,1.0
2005-07-01,859.49,1.0
2005-07-04,855.93,1.0
2005-07-05,849.68,1.0
2005-07-06,842.56,1.0
2005-07-07,844.73,1.0
2005-07-08,829.49,1.0
2005-07-11,824.1,1.0
2005-07-12,851.82,1.0
2005-07-13,846.23,1.0
2005-07-14,849.59,1.0
2005-07-15,841.0,1.0
2005-07-18,833.0,1.0
2005-07-19,835.61,1.0
2005-07-20,842.64,1.0
2005-07-21,843.99,1.0
2005-07-22,859.69,1.0
2005-07-25,856.86,1.0
2005-07-26,876.48,1.0
2005-07-27,894.01,1.0
2005-07-28,890.88,1.0
2005-07-29,888.16,1.0
2005-08-01,891.61,1.0
2005-08-02,903.6,1.0
2005-08-03,909.57,1.0
2005-08-04,904.15,1.0
2005-08-05,923.8,1.0
2005-08-08,927.47,1.0
2005-08-09,933.09,1.0
2005-08-10,940.37,1.0
2005-08-11,953.99,1.0
2005-08-12,938.32,1.0
2005-08-15,954.5,1.0
2005-08-16,945.06,1.0
2005-08-17,953.01,1.0
2005-08-18,920.67,1.0
2005-08-19,923.04,1.0
2005-08-22,931.67,1.0
2005-08-23,923.41,1.0
2005-08-24,930.65,1.0
2005-08-25,930.12,1.0
2005-08-26,928.26,1.0
2005-08-29,917.37,1.0
2005-08-30,914.88,1.0
2005-08-31,927.92,1.0
2005-09-01,944.56,1.0
2005-09-02,947.87,1.0
2005-09-05,952.72,1.0
2005-09-06,936.61,1.0
2005-09-07,952.76,1.0
2005-09-08,955.28,1.0
2005-09-09,949.07,1.0
2005-09-12,949.51,1.0
2005-09-13,963.77,1.0
2005-09-14,970.19,1.0
2005-09-15,969.6,1.0
2005-09-16,967.5,1.0
2005-09-19,971.14,1.0
2005-09-20,961.92,1.0
2005-09-21,944.41,1.0
2005-09-22,923.27,1.0
2005-09-23,916.15,1.0
2005-09-26,918.49,1.0
2005-09-27,904.21,1.0
2005-09-28,903.72,1.0
2005-09-29,915.98,1.0
2005-09-30,917.39,1.0
2005-10-10,907.32,1.0
2005-10-11,919.72,1.0
2005-10-12,923.49,1.0
2005-10-13,916.5,1.0
2005-10-14,904.83,1.0
2005-10-17,897.62,1.0
2005-10-18,902.37,1.0
2005-10-19,898.74,1.0
2005-10-20,899.91,1.0
2005-10-21,904.41,1.0
2005-10-24,906.65,1.0
2005-10-25,894.27,1.0
2005-10-26,875.82,1.0
2005-10-27,875.85,1.0
2005-10-28,867.73,1.0
2005-10-31,876.28,1.0
2005-11-01,872.87,1.0
2005-11-02,882.48,1.0
2005-11-03,874.58,1.0
2005-11-04,878.36,1.0
2005-11-07,877.28,1.0
2005-11-08,881.52,1.0
2005-11-09,879.25,1.0
2005-11-10,862.97,1.0
2005-11-11,864.79,1.0
2005-11-14,862.15,1.0
2005-11-15,856.63,1.0
2005-11-16,863.12,1.0
2005-11-17,862.66,1.0
2005-11-18,882.24,1.0
2005-11-21,883.87,1.0
2005-11-22,869.62,1.0
2005-11-23,876.23,1.0
2005-11-24,881.49,1.0
2005-11-25,884.11,1.0
2005-11-28,880.17,1.0
2005-11-29,871.31,1.0
2005-11-30,873.83,1.0
2005-12-01,873.07,1.0
2005-12-02,869.94,1.0
2005-12-05,859.61,1.0
2005-12-06,866.08,1.0
2005-12-07,873.84,1.0
2005-12-08,874.06,1.0
2005-12-09,887.36,1.0
2005-12-12,888.52,1.0
2005-12-13,889.1,1.0
2005-12-14,898.15,1.0
2005-12-15,896.43,1.0
2005-12-16,902.56,1.0
2005-12-19,902.91,1.0
2005-12-20,907.32,1.0
2005-12-21,903.14,1.0
2005-12-22,908.75,1.0
2005-12-23,915.89,1.0
2005-12-26,922.38,1.0
2005-12-27,919.36,1.0
2005-12-28,920.92,1.0
2005-12-29,932.03,1.0
2005-12-30,923.45,1.0
2006-01-04,941.43,1.0
2006-01-05,959.13,1.0
2006-01-06,970.03,1.0
2006-01-09,975.25,1.0
2006-01-10,978.15,1.0
2006-01-11,973.48,1.0
2006-01-12,983.72,1.0
2006-01-13,978.81,1.0
2006-01-16,961.44,1.0
2006-01-17,964.29,1.0
2006-01-18,983.62,1.0
2006-01-19,991.22,1.0
2006-01-20,993.34,1.0
2006-01-23,996.16,1.0
2006-01-24,999.09,1.0
2006-01-25,1009.6,1.0
2006-02-06,1033.23,1.0
2006-02-07,1029.94,1.0
2006-02-08,1033.07,1.0
2006-02-09,1019.6,1.0
2006-02-10,1032.34,1.0
2006-02-13,1031.61,1.0
2006-02-14,1038.53,1.0
2006-02-15,1041.66,1.0
2006-02-16,1020.12,1.0
2006-02-17,1020.37,1.0
2006-02-20,1021.64,1.0
2006-02-21,1038.82,1.0
2006-02-22,1037.88,1.0
2006-02-23,1041.37,1.0
2006-02-24,1049.44,1.0
2006-02-27,1047.85,1.0
2006-02-28,1053.01,1.0
2006-03-01,1056.62,1.0
2006-03-02,1038.67,1.0
2006-03-03,1041.68,1.0
2006-03-06,1038.87,1.0
2006-03-07,1014.97,1.0
2006-03-08,1009.27,1.0
2006-03-09,1004.34,1.0
2006-03-10,1008.9,1.0
2006-03-13,1019.86,1.0
2006-03-14,1018.27,1.0
2006-03-15,1028.96,1.0
2006-03-16,1027.62,1.0
2006-03-17,1024.02,1.0
2006-03-20,1037.66,1.0
2006-03-21,1040.76,1.0
2006-03-22,1047.67,1.0
2006-03-23,1048.54,1.0
2006-03-24,1042.6,1.0
2006-03-27,1050.71,1.0
2006-03-28,1055.98,1.0
2006-03-29,1065.29,1.0
2006-03-30,1055.63,1.0
2006-03-31,1061.09,1.0
2006-04-03,1079.32,1.0
2006-04-04,1089.37,1.0
2006-04-05,1099.97,1.0
2006-04-06,1103.24,1.0
2006-04-07,1103.15,1.0
2006-04-10,1117.91,1.0
2006-04-11,1123.31,1.0
2006-04-12,1117.07,1.0
2006-04-13,1093.92,1.0
2006-04-14,1118.61,1.0
2006-04-17,1124.41,1.0
2006-04-18,1131.28,1.0
2006-04-19,1138.24,1.0
2006-04-20,1134.38,1.0
2006-04-21,1149.16,1.0
2006-04-24,1142.7,1.0
2006-04-25,1141.93,1.0
2006-04-26,1155.73,1.0
2006-04-27,1155.27,1.0
2006-04-28,1172.35,1.0
2006-05-08,1218.44,1.0
2006-05-09,1251.61,1.0
2006-05-10,1265.93,1.0
2006-05-11,1255.04,1.0
2006-05-12,1296.26,1.0
2006-05-15,1352.15,1.0
2006-05-16,1331.13,1.0
2006-05-17,1335.52,1.0
2006-05-18,1331.2,1.0
2006-05-19,1366.1,1.0
2006-05-22,1373.67,1.0
2006-05-23,1317.65,1.0
2006-05-24,1308.24,1.0
2006-05-25,1307.7,1.0
2006-05-26,1331.02,1.0
2006-05-29,1366.29,1.0
2006-05-30,1378.76,1.0
2006-05-31,1365.45,1.0
2006-06-01,1402.88,1.0
2006-06-02,1390.12,1.0
2006-06-05,1403.16,1.0
2006-06-06,1399.14,1.0
2006-06-07,1320.23,1.0
2006-06-08,1325.98,1.0
2006-06-09,1294.18,1.0
2006-06-12,1297.67,1.0
2006-06-13,1298.28,1.0
2006-06-14,1283.88,1.0
2006-06-15,1285.38,1.0
2006-06-16,1318.01,1.0
2006-06-19,1334.89,1.0
2006-06-20,1338.22,1.0
2006-06-21,1333.53,1.0
2006-06-22,1331.55,1.0
2006-06-23,1339.45,1.0
2006-06-26,1363.41,1.0
2006-06-27,1363.9,1.0
2006-06-28,1362.88,1.0
2006-06-29,1395.12,1.0
2006-06-30,1393.96,1.0
2006-07-03,1420.33,1.0
2006-07-04,1411.01,1.0
2006-07-05,1393.01,1.0
2006-07-06,1418.67,1.0
2006-07-07,1410.43,1.0
2006-07-10,1412.12,1.0
2006-07-11,1418.58,1.0
2006-07-12,1419.2,1.0
2006-07-13,1346.09,1.0
2006-07-14,1357.13,1.0
2006-07-17,1372.25,1.0
2006-07-18,1373.42,1.0
2006-07-19,1336.64,1.0
2006-07-20,1345.19,1.0
2006-07-21,1356.03,1.0
2006-07-24,1358.12,1.0
2006-07-25,1374.17,1.0
2006-07-26,1371.3,1.0
2006-07-27,1355.55,1.0
2006-07-28,1341.39,1.0
2006-07-31,1294.33,1.0
2006-08-01,1282.06,1.0
2006-08-02,1275.09,1.0
2006-08-03,1271.74,1.0
2006-08-04,1241.91,1.0
2006-08-07,1224.1,1.0
2006-08-08,1252.39,1.0
2006-08-09,1251.3,1.0
2006-08-10,1271.47,1.0
2006-08-11,1275.65,1.0
2006-08-14,1245.72,1.0
2006-08-15,1265.86,1.0
2006-08-16,1283.57,1.0
2006-08-17,1271.63,1.0
2006-08-18,1267.87,1.0
2006-08-21,1270.56,1.0
2006-08-22,1285.27,1.0
2006-08-23,1285.68,1.0
2006-08-24,1292.4,1.0
2006-08-25,1295.44,1.0
2006-08-28,1325.89,1.0
2006-08-29,1330.15,1.0
2006-08-30,1334.67,1.0
2006-08-31,1338.69,1.0
2006-09-01,1318.1,1.0
2006-09-04,1337.24,1.0
2006-09-05,1340.68,1.0
2006-09-06,1346.37,1.0
2006-09-07,1328.38,1.0
2006-09-08,1332.15,1.0
2006-09-11,1338.76,1.0
2006-09-12,1347.64,1.0
2006-09-13,1338.39,1.0
2006-09-14,1338.28,1.0
2006-09-15,1362.32,1.0
2006-09-18,1375.56,1.0
2006-09-19,1378.31,1.0
2006-09-20,1378.46,1.0
2006-09-21,1387.37,1.0
2006-09-22,1374.85,1.0
2006-09-25,1372.4,1.0
2006-09-26,1357.65,1.0
2006-09-27,1371.12,1.0
2006-09-28,1387.0,1.0
2006-09-29,1403.27,1.0
2006-10-09,1436.07,1.0
2006-10-10,1437.24,1.0
2006-10-11,1435.91,1.0
2006-10-12,1426.5,1.0
2006-10-13,1430.88,1.0
2006-10-16,1418.52,1.0
2006-10-17,1414.45,1.0
2006-10-18,1437.59,1.0
2006-10-19,1439.38,1.0
2006-10-20,1440.18,1.0
2006-10-23,1408.71,1.0
2006-10-24,1440.05,1.0
2006-10-25,1446.83,1.0
2006-10-26,1456.1,1.0
2006-10-27,1439.05,1.0
2006-10-30,1446.24,1.0
2006-10-31,1464.47,1.0
2006-11-01,1479.41,1.0
2006-11-02,1479.66,1.0
2006-11-03,1488.29,1.0
2006-11-06,1507.89,1.0
2006-11-07,1516.1,1.0
2006-11-08,1498.17,1.0
2006-11-09,1524.71,1.0
2006-11-10,1504.06,1.0
2006-11-13,1475.78,1.0
2006-11-14,1493.78,1.0
2006-11-15,1534.76,1.0
2006-11-16,1533.29,1.0
2006-11-17,1562.08,1.0
2006-11-20,1593.16,1.0
2006-11-21,1612.25,1.0
2006-11-22,1624.03,1.0
2006-11-23,1634.91,1.0
2006-11-24,1636.58,1.0
2006-11-27,1651.8,1.0
2006-11-28,1644.01,1.0
2006-11-29,1667.14,1.0
2006-11-30,1714.36,1.0
2006-12-01,1729.22,1.0
2006-12-04,1780.74,1.0
2006-12-05,1794.23,1.0
2006-12-06,1779.41,1.0
2006-12-07,1775.71,1.0
2006-12-08,1711.58,1.0
2006-12-11,1789.92,1.0
2006-12-12,1802.79,1.0
2006-12-13,1803.86,1.0
2006-12-14,1836.14,1.0
2006-12-15,1867.64,1.0
2006-12-18,1916.11,1.0
2006-12-19,1921.44,1.0
2006-12-20,1936.55,1.0
2006-12-21,1908.98,1.0
2006-12-22,1895.64,1.0
2006-12-25,1939.1,1.0
2006-12-26,1938.24,1.0
2006-12-27,1982.88,1.0
2006-12-28,1979.93,1.0
2006-12-29,2041.05,1.0
2007-01-04,2067.09,1.0
2007-01-05,2072.88,1.0
2007-01-08,2131.56,1.0
2007-01-09,2200.09,1.0
2007-01-10,2255.97,1.0
2007-01-11,2231.63,1.0
2007-01-12,2173.75,1.0
2007-01-15,2287.34,1.0
2007-01-16,2353.87,1.0
2007-01-17,2308.93,1.0
2007-01-18,2317.09,1.0
2007-01-19,2396.09,1.0
2007-01-22,2491.31,1.0
2007-01-23,2508.13,1.0
2007-01-24,2536.43,1.0
2007-01-25,2452.83,1.0
2007-01-26,2512.92,1.0
2007-01-29,2576.92,1.0
2007-01-30,2551.88,1.0
2007-01-31,2385.34,1.0
2007-02-01,2395.17,1.0
2007-02-02,2298.0,1.0
2007-02-05,2271.8,1.0
2007-02-06,2316.04,1.0
2007-02-07,2369.79,1.0
2007-02-08,2410.6,1.0
2007-02-09,2397.24,1.0
2007-02-12,2485.39,1.0
2007-02-13,2522.63,1.0
2007-02-14,2588.35,1.0
2007-02-15,2668.63,1.0
2007-02-16,2676.74,1.0
2007-02-26,2707.68,1.0
2007-02-27,2457.49,1.0
2007-02-28,2544.57,1.0
2007-03-01,2473.54,1.0
2007-03-02,2508.73,1.0
2007-03-05,2475.61,1.0
2007-03-06,2520.29,1.0
2007-03-07,2589.44,1.0
2007-03-08,2627.63,1.0
2007-03-09,2611.39,1.0
2007-03-12,2616.17,1.0
2007-03-13,2640.17,1.0
2007-03-14,2597.36,1.0
2007-03-15,2645.55,1.0
2007-03-16,2604.23,1.0
2007-03-19,2659.41,1.0
2007-03-20,2672.77,1.0
2007-03-21,2702.6,1.0
2007-03-22,2711.32,1.0
2007-03-23,2716.27,1.0
2007-03-26,2764.03,1.0
2007-03-27,2784.02,1.0
2007-03-28,2797.65,1.0
2007-03-29,2783.3,1.0
2007-03-30,2781.78,1.0
2007-04-02,2850.11,1.0
2007-04-03,2888.11,1.0
2007-04-04,2911.82,1.0
2007-04-05,2945.05,1.0
2007-04-06,2972.01,1.0
2007-04-09,3038.17,1.0
2007-04-10,3081.57,1.0
2007-04-11,3121.32,1.0
2007-04-12,3176.44,1.0
2007-04-13,3169.23,1.0
2007-04-16,3256.0,1.0
2007-04-17,3283.6,1.0
2007-04-18,3304.5,1.0
2007-04-19,3150.3,1.0
2007-04-20,3289.28,1.0
2007-04-23,3431.32,1.0
2007-04-24,3445.2,1.0
2007-04-25,3448.28,1.0
2007-04-26,3493.58,1.0
2007-04-27,3470.52,1.0
2007-04-30,3558.71,1.0
2007-05-08,3686.03,1.0
2007-05-09,3701.28,1.0
2007-05-10,3724.51,1.0
2007-05-11,3702.61,1.0
2007-05-14,3734.42,1.0
2007-05-15,3604.64,1.0
2007-05-16,3700.29,1.0
2007-05-17,3778.61,1.0
2007-05-18,3776.63,1.0
2007-05-21,3831.44,1.0
2007-05-22,3870.49,1.0
2007-05-23,3938.95,1.0
2007-05-24,3919.75,1.0
2007-05-25,3985.25,1.0
2007-05-28,4072.58,1.0
2007-05-29,4168.29,1.0
2007-05-30,3886.46,1.0
2007-05-31,3927.95,1.0
2007-06-01,3803.95,1.0
2007-06-04,3511.43,1.0
2007-06-05,3634.63,1.0
2007-06-06,3677.58,1.0
2007-06-07,3802.3,1.0
2007-06-08,3837.87,1.0
2007-06-11,3931.86,1.0
2007-06-12,4036.11,1.0
2007-06-13,4118.27,1.0
2007-06-14,4075.82,1.0
2007-06-15,4099.38,1.0
2007-06-18,4227.57,1.0
2007-06-19,4253.0,1.0
2007-06-20,4157.6,1.0
2007-06-21,4197.28,1.0
2007-06-22,4051.43,1.0
2007-06-25,3877.59,1.0
2007-06-26,3928.21,1.0
2007-06-27,4040.48,1.0
2007-06-28,3858.52,1.0
2007-06-29,3764.08,1.0
2007-07-02,3757.66,1.0
2007-07-03,3832.23,1.0
2007-07-04,3743.58,1.0
2007-07-05,3537.43,1.0
2007-07-06,3710.28,1.0
2007-07-09,3821.3,1.0
2007-07-10,3775.62,1.0
2007-07-11,3789.87,1.0
2007-07-12,3816.92,1.0
2007-07-13,3820.12,1.0
2007-07-16,3697.97,1.0
2007-07-17,3789.65,1.0
2007-07-18,3807.57,1.0
2007-07-19,3807.0,1.0
2007-07-20,3971.88,1.0
2007-07-23,4156.72,1.0
2007-07-24,4161.35,1.0
2007-07-25,4255.46,1.0
2007-07-26,4303.19,1.0
2007-07-27,4307.14,1.0
2007-07-30,4410.3,1.0
2007-07-31,4460.56,1.0
2007-08-01,4290.48,1.0
2007-08-02,4436.19,1.0
2007-08-03,4598.38,1.0
2007-08-06,4703.98,1.0
2007-08-07,4724.55,1.0
2007-08-08,4668.09,1.0
2007-08-09,4777.29,1.0
2007-08-10,4726.68,1.0
2007-08-13,4721.19,1.0
2007-08-14,4795.57,1.0
2007-08-15,4798.75,1.0
2007-08-16,4721.94,1.0
2007-08-17,4626.58,1.0
2007-08-20,4885.43,1.0
2007-08-21,4972.71,1.0
2007-08-22,5051.69,1.0
2007-08-23,5135.93,1.0
2007-08-24,5217.58,1.0
2007-08-27,5243.15,1.0
2007-08-28,5251.77,1.0
2007-08-29,5171.82,1.0
2007-08-30,5241.23,1.0
2007-08-31,5296.81,1.0
2007-09-03,5419.17,1.0
2007-09-04,5360.33,1.0
2007-09-05,5363.25,1.0
2007-09-06,5412.04,1.0
2007-09-07,5294.8,1.0
2007-09-10,5377.22,1.0
2007-09-11,5124.09,1.0
2007-09-12,5202.86,1.0
2007-09-13,5349.97,1.0
2007-09-14,5397.28,1.0
2007-09-17,5498.91,1.0
2007-09-18,5476.84,1.0
2007-09-19,5419.27,1.0
2007-09-20,5494.91,1.0
2007-09-21,5468.1,1.0
2007-09-24,5513.9,1.0
2007-09-25,5454.61,1.0
2007-09-26,5361.02,1.0
2007-09-27,5427.66,1.0
2007-09-28,5580.81,1.0
2007-10-08,5653.14,1.0
2007-10-09,5675.93,1.0
2007-10-10,5685.76,1.0
2007-10-11,5760.08,1.0
2007-10-12,5737.22,1.0
2007-10-15,5821.45,1.0
2007-10-16,5877.2,1.0
2007-10-17,5824.12,1.0
2007-10-18,5615.75,1.0
2007-10-19,5614.06,1.0
2007-10-22,5472.68,1.0
2007-10-23,5540.09,1.0
2007-10-24,5588.01,1.0
2007-10-25,5333.79,1.0
2007-10-26,5394.81,1.0
2007-10-29,5508.36,1.0
2007-10-30,5596.07,1.0
2007-10-31,5688.54,1.0
2007-11-01,5605.23,1.0
2007-11-02,5472.93,1.0
2007-11-05,5360.31,1.0
2007-11-06,5317.55,1.0
2007-11-07,5350.63,1.0
2007-11-08,5093.67,1.0
2007-11-09,5040.52,1.0
2007-11-12,4978.25,1.0
2007-11-13,4939.24,1.0
2007-11-14,5145.89,1.0
2007-11-15,5081.11,1.0
2007-11-16,5007.66,1.0
2007-11-19,4994.42,1.0
2007-11-20,5069.38,1.0
2007-11-21,4997.62,1.0
2007-11-22,4772.62,1.0
2007-11-23,4856.16,1.0
2007-11-26,4800.08,1.0
2007-11-27,4711.15,1.0
2007-11-28,4648.75,1.0
2007-11-29,4842.07,1.0
2007-11-30,4737.41,1.0
2007-12-03,4772.67,1.0
2007-12-04,4829.21,1.0
2007-12-05,4965.95,1.0
2007-12-06,4971.06,1.0
2007-12-07,5041.35,1.0
2007-12-10,5133.56,1.0
2007-12-11,5140.0,1.0
2007-12-12,5077.39,1.0
2007-12-13,4884.3,1.0
2007-12-14,4977.65,1.0
2007-12-17,4857.29,1.0
2007-12-18,4829.91,1.0
2007-12-19,4946.28,1.0
2007-12-20,5037.19,1.0
2007-12-21,5101.85,1.0
2007-12-24,5207.13,1.0
2007-12-25,5216.81,1.0
2007-12-26,5265.03,1.0
2007-12-27,5367.53,1.0
2007-12-28,5338.27,1.0
2008-01-02,5385.1,1.0
2008-01-03,5422.03,1.0
2008-01-04,5483.65,1.0
2008-01-07,5556.59,1.0
2008-01-08,5528.05,1.0
2008-01-09,5613.76,1.0
2008-01-10,5672.15,1.0
2008-01-11,5699.15,1.0
2008-01-14,5731.76,1.0
2008-01-15,5696.45,1.0
2008-01-16,5505.72,1.0
2008-01-17,5365.62,1.0
2008-01-18,5414.47,1.0
2008-01-21,5145.73,1.0
2008-01-22,4753.87,1.0
2008-01-23,4975.11,1.0
2008-01-24,5027.21,1.0
2008-01-25,5077.43,1.0
2008-01-28,4731.88,1.0
2008-01-29,4762.08,1.0
2008-01-30,4710.65,1.0
2008-01-31,4620.4,1.0
2008-02-01,4571.94,1.0
2008-02-04,4950.12,1.0
2008-02-05,4921.83,1.0
2008-02-13,4816.08,1.0
2008-02-14,4880.25,1.0
2008-02-15,4813.31,1.0
2008-02-18,4910.99,1.0
2008-02-19,5020.75,1.0
2008-02-20,4908.72,1.0
2008-02-21,4876.03,1.0
2008-02-22,4702.24,1.0
2008-02-25,4519.78,1.0
2008-02-26,4515.53,1.0
2008-02-27,4639.77,1.0
2008-02-28,4622.06,1.0
2008-02-29,4674.55,1.0
2008-03-03,4790.74,1.0
2008-03-04,4671.15,1.0
2008-03-05,4628.72,1.0
2008-03-06,4685.03,1.0
2008-03-07,4621.69,1.0
2008-03-10,4431.59,1.0
2008-03-11,4441.18,1.0
2008-03-12,4309.65,1.0
2008-03-13,4198.96,1.0
2008-03-14,4157.87,1.0
2008-03-17,3965.28,1.0
2008-03-18,3763.95,1.0
2008-03-19,3888.86,1.0
2008-03-20,4001.83,1.0
2008-03-21,4037.83,1.0
2008-03-24,3857.09,1.0
2008-03-25,3905.77,1.0
2008-03-26,3914.37,1.0
2008-03-27,3748.92,1.0
2008-03-28,3918.16,1.0
2008-03-31,3790.53,1.0
2008-04-01,3582.86,1.0
2008-04-02,3547.98,1.0
2008-04-03,3650.7,1.0
2008-04-07,3845.82,1.0
2008-04-08,3891.06,1.0
2008-04-09,3688.13,1.0
2008-04-10,3754.72,1.0
2008-04-11,3783.73,1.0
2008-04-14,3536.33,1.0
2008-04-15,3583.3,1.0
2008-04-16,3494.02,1.0
2008-04-17,3386.63,1.0
2008-04-18,3272.5,1.0
2008-04-21,3267.55,1.0
2008-04-22,3296.28,1.0
2008-04-23,3453.73,1.0
2008-04-24,3774.5,1.0
2008-04-25,3803.07,1.0
2008-04-28,3729.15,1.0
2008-04-29,3776.94,1.0
2008-04-30,3959.12,1.0
2008-05-05,4055.78,1.0
2008-05-06,4010.89,1.0
2008-05-07,3821.32,1.0
2008-05-08,3925.04,1.0
2008-05-09,3878.92,1.0
2008-05-12,3904.92,1.0
2008-05-13,3851.69,1.0
2008-05-14,3975.78,1.0
2008-05-15,3948.09,1.0
2008-05-16,3936.12,1.0
2008-05-19,3914.07,1.0
2008-05-20,3710.82,1.0
2008-05-21,3783.05,1.0
2008-05-22,3711.44,1.0
2008-05-23,3675.15,1.0
2008-05-26,3559.22,1.0
2008-05-27,3576.2,1.0
2008-05-28,3676.23,1.0
2008-05-29,3580.87,1.0
2008-05-30,3611.33,1.0
2008-06-02,3625.83,1.0
2008-06-03,3614.11,1.0
2008-06-04,3546.92,1.0
2008-06-05,3512.14,1.0
2008-06-06,3489.5,1.0
2008-06-10,3206.56,1.0
2008-06-11,3140.3,1.0
2008-06-12,3084.63,1.0
2008-06-13,2979.12,1.0
2008-06-16,2952.24,1.0
2008-06-17,2842.68,1.0
2008-06-18,2991.27,1.0
2008-06-19,2773.08,1.0
2008-06-20,2849.67,1.0
2008-06-23,2789.94,1.0
2008-06-24,2851.91,1.0
2008-06-25,2969.54,1.0
2008-06-26,2980.91,1.0
2008-06-27,2816.02,1.0
2008-06-30,2791.82,1.0
2008-07-01,2698.35,1.0
2008-07-02,2699.6,1.0
2008-07-03,2760.61,1.0
2008-07-04,2741.85,1.0
2008-07-07,2882.76,1.0
2008-07-08,2901.84,1.0
2008-07-09,3015.13,1.0
2008-07-10,2973.73,1.0
2008-07-11,2953.5,1.0
2008-07-14,2975.87,1.0
2008-07-15,2852.98,1.0
2008-07-16,2745.6,1.0
2008-07-17,2718.07,1.0
2008-07-18,2815.46,1.0
2008-07-21,2911.05,1.0
2008-07-22,2904.74,1.0
2008-07-23,2883.32,1.0
2008-07-24,2977.36,1.0
2008-07-25,2939.2,1.0
2008-07-28,2960.85,1.0
2008-07-29,2905.63,1.0
2008-07-30,2884.38,1.0
2008-07-31,2805.21,1.0
2008-08-01,2840.79,1.0
2008-08-04,2773.15,1.0
2008-08-05,2703.08,1.0
2008-08-06,2721.69,1.0
2008-08-07,2720.44,1.0
2008-08-08,2591.46,1.0
2008-08-11,2456.81,1.0
2008-08-12,2444.16,1.0
2008-08-13,2444.67,1.0
2008-08-14,2443.51,1.0
2008-08-15,2447.61,1.0
2008-08-18,2313.4,1.0
2008-08-19,2348.47,1.0
2008-08-20,2532.94,1.0
2008-08-21,2443.98,1.0
2008-08-22,2404.93,1.0
2008-08-25,2400.55,1.0
2008-08-26,2331.53,1.0
2008-08-27,2325.29,1.0
2008-08-28,2335.86,1.0
2008-08-29,2391.64,1.0
2008-09-01,2309.17,1.0
2008-09-02,2285.41,1.0
2008-09-03,2245.96,1.0
2008-09-04,2251.15,1.0
2008-09-05,2183.43,1.0
2008-09-08,2126.52,1.0
2008-09-09,2139.14,1.0
2008-09-10,2143.18,1.0
2008-09-11,2072.13,1.0
2008-09-12,2077.85,1.0
2008-09-16,2000.65,1.0
2008-09-17,1929.13,1.0
2008-09-18,1895.99,1.0
2008-09-19,2073.11,1.0
2008-09-22,2207.61,1.0
2008-09-23,2123.48,1.0
2008-09-24,2138.85,1.0
2008-09-25,2223.53,1.0
2008-09-26,2243.66,1.0
2008-10-06,2128.7,1.0
2008-10-07,2102.45,1.0
2008-10-08,2022.88,1.0
2008-10-09,1995.3,1.0
2008-10-10,1906.96,1.0
2008-10-13,1985.49,1.0
2008-10-14,1934.62,1.0
2008-10-15,1914.36,1.0
2008-10-16,1820.9,1.0
2008-10-17,1833.26,1.0
2008-10-20,1896.73,1.0
2008-10-21,1881.41,1.0
2008-10-22,1833.32,1.0
2008-10-23,1834.78,1.0
2008-10-24,1781.6,1.0
2008-10-27,1654.67,1.0
2008-10-28,1705.82,1.0
2008-10-29,1658.22,1.0
2008-10-30,1697.66,1.0
2008-10-31,1663.66,1.0
2008-11-03,1653.54,1.0
2008-11-04,1627.76,1.0
2008-11-05,1691.42,1.0
2008-11-06,1649.78,1.0
2008-11-07,1677.83,1.0
2008-11-10,1801.66,1.0
2008-11-11,1781.36,1.0
2008-11-12,1801.82,1.0
2008-11-13,1874.08,1.0
2008-11-14,1943.65,1.0
2008-11-17,1987.22,1.0
2008-11-18,1839.82,1.0
2008-11-19,1953.16,1.0
2008-11-20,1932.43,1.0
2008-11-21,1920.73,1.0
2008-11-24,1837.64,1.0
2008-11-25,1834.29,1.0
2008-11-26,1843.49,1.0
2008-11-27,1870.47,1.0
2008-11-28,1829.92,1.0
2008-12-01,1864.2,1.0
2008-12-02,1868.63,1.0
2008-12-03,1952.67,1.0
2008-12-04,1982.93,1.0
2008-12-05,2013.17,1.0
2008-12-08,2095.04,1.0
2008-12-09,2040.85,1.0
2008-12-10,2096.39,1.0
2008-12-11,2046.34,1.0
2008-12-12,1960.38,1.0
2008-12-15,1975.03,1.0
2008-12-16,1994.45,1.0
2008-12-17,2001.42,1.0
2008-12-18,2045.1,1.0
2008-12-19,2052.11,1.0
2008-12-22,2017.55,1.0
2008-12-23,1918.95,1.0
2008-12-24,1887.08,1.0
2008-12-25,1870.77,1.0
2008-12-26,1862.1,1.0
2008-12-29,1854.76,1.0
2008-12-30,1833.43,1.0
2008-12-31,1817.72,1.0
2009-01-05,1882.96,1.0
2009-01-06,1942.8,1.0
2009-01-07,1931.18,1.0
2009-01-08,1887.99,1.0
2009-01-09,1918.37,1.0
2009-01-12,1920.69,1.0
2009-01-13,1876.18,1.0
2009-01-14,1955.24,1.0
2009-01-15,1954.87,1.0
2009-01-16,1990.21,1.0
2009-01-19,2012.46,1.0
2009-01-20,2025.19,1.0
2009-01-21,2021.71,1.0
2009-01-22,2044.55,1.0
2009-01-23,2032.68,1.0
2009-02-02,2057.06,1.0
2009-02-03,2108.91,1.0
2009-02-04,2166.41,1.0
2009-02-05,2150.97,1.0
2009-02-06,2237.28,1.0
2009-02-09,2296.67,1.0
2009-02-10,2326.76,1.0
2009-02-11,2331.14,1.0
2009-02-12,2318.34,1.0
2009-02-13,2399.07,1.0
2009-02-16,2462.24,1.0
2009-02-17,2385.29,1.0
2009-02-18,2275.84,1.0
2009-02-19,2298.41,1.0
2009-02-20,2344.32,1.0
2009-02-23,2410.48,1.0
2009-02-24,2301.85,1.0
2009-02-25,2304.25,1.0
2009-02-26,2190.18,1.0
2009-02-27,2140.49,1.0
2009-03-02,2164.67,1.0
2009-03-03,2142.15,1.0
2009-03-04,2285.15,1.0
2009-03-05,2304.92,1.0
2009-03-06,2286.58,1.0
2009-03-09,2202.53,1.0
2009-03-10,2240.78,1.0
2009-03-11,2220.38,1.0
2009-03-12,2215.7,1.0
2009-03-13,2205.42,1.0
2009-03-16,2241.61,1.0
2009-03-17,2322.4,1.0
2009-03-18,2332.65,1.0
2009-03-19,2382.56,1.0
2009-03-20,2379.84,1.0
2009-03-23,2439.39,1.0
2009-03-24,2451.78,1.0
2009-03-25,2401.33,1.0
2009-03-26,2479.79,1.0
2009-03-27,2498.93,1.0
2009-03-30,2484.49,1.0
2009-03-31,2507.79,1.0
2009-04-01,2548.22,1.0
2009-04-02,2576.4,1.0
2009-04-03,2570.5,1.0
2009-04-07,2576.95,1.0
2009-04-08,2479.35,1.0
2009-04-09,2517.67,1.0
2009-04-10,2595.53,1.0
2009-04-13,2656.52,1.0
2009-04-14,2676.87,1.0
2009-04-15,2686.99,1.0
2009-04-16,2687.11,1.0
2009-04-17,2650.69,1.0
2009-04-20,2707.67,1.0
2009-04-21,2675.44,1.0
2009-04-22,2576.28,1.0
2009-04-23,2593.56,1.0
2009-04-24,2572.89,1.0
2009-04-27,2513.29,1.0
2009-04-28,2518.53,1.0
2009-04-29,2605.37,1.0
2009-04-30,2622.93,1.0
2009-05-04,2714.3,1.0
2009-05-05,2727.01,1.0
2009-05-06,2764.98,1.0
2009-05-07,2767.08,1.0
2009-05-08,2789.22,1.0
2009-05-11,2725.32,1.0
2009-05-12,2788.56,1.0
2009-05-13,2814.01,1.0
2009-05-14,2792.6,1.0
2009-05-15,2796.12,1.0
2009-05-18,2810.57,1.0
2009-05-19,2840.08,1.0
2009-05-20,2812.86,1.0
2009-05-21,2750.01,1.0
2009-05-22,2740.68,1.0
2009-05-25,2752.72,1.0
2009-05-26,2719.76,1.0
2009-05-27,2759.71,1.0
2009-06-01,2858.34,1.0
2009-06-02,2865.1,1.0
2009-06-03,2939.39,1.0
2009-06-04,2953.75,1.0
2009-06-05,2939.31,1.0
2009-06-08,2948.48,1.0
2009-06-09,2960.56,1.0
2009-06-10,2989.59,1.0
2009-06-11,2961.63,1.0
2009-06-12,2906.29,1.0
2009-06-15,2966.19,1.0
2009-06-16,2961.22,1.0
2009-06-17,3010.59,1.0
2009-06-18,3057.43,1.0
2009-06-19,3080.0,1.0
2009-06-22,3082.56,1.0
2009-06-23,3083.89,1.0
2009-06-24,3120.73,1.0
2009-06-25,3117.92,1.0
2009-06-26,3128.42,1.0
2009-06-29,3179.97,1.0
2009-06-30,3166.47,1.0
2009-07-01,3237.9,1.0
2009-07-02,3282.36,1.0
2009-07-03,3327.14,1.0
2009-07-06,3374.75,1.0
2009-07-07,3340.49,1.0
2009-07-08,3352.27,1.0
2009-07-09,3396.3,1.0
2009-07-10,3398.31,1.0
2009-07-13,3361.01,1.0
2009-07-14,3454.75,1.0
2009-07-15,3493.3,1.0
2009-07-16,3501.24,1.0
2009-07-17,3519.81,1.0
2009-07-20,3591.12,1.0
2009-07-21,3539.83,1.0
2009-07-22,3606.92,1.0
2009-07-23,3651.97,1.0
2009-07-24,3667.56,1.0
2009-07-27,3743.63,1.0
2009-07-28,3755.82,1.0
2009-07-29,3558.51,1.0
2009-07-30,3634.82,1.0
2009-07-31,3734.62,1.0
2009-08-03,3787.03,1.0
2009-08-04,3786.61,1.0
2009-08-05,3740.94,1.0
2009-08-06,3663.12,1.0
2009-08-07,3555.09,1.0
2009-08-10,3544.54,1.0
2009-08-11,3556.38,1.0
2009-08-12,3397.4,1.0
2009-08-13,3440.82,1.0
2009-08-14,3344.46,1.0
2009-08-17,3140.27,1.0
2009-08-18,3171.99,1.0
2009-08-19,3014.57,1.0
2009-08-20,3144.39,1.0
2009-08-21,3203.62,1.0
2009-08-24,3229.6,1.0
2009-08-25,3109.83,1.0
2009-08-26,3172.39,1.0
2009-08-27,3156.3,1.0
2009-08-28,3046.78,1.0
2009-08-31,2830.27,1.0
2009-09-01,2843.7,1.0
2009-09-02,2890.93,1.0
2009-09-03,3051.96,1.0
2009-09-04,3077.14,1.0
2009-09-07,3104.21,1.0
2009-09-08,3170.97,1.0
2009-09-09,3194.91,1.0
2009-09-10,3162.91,1.0
2009-09-11,3238.13,1.0
2009-09-14,3293.39,1.0
2009-09-15,3302.64,1.0
2009-09-16,3258.24,1.0
2009-09-17,3320.1,1.0
2009-09-18,3199.69,1.0
2009-09-21,3208.6,1.0
2009-09-22,3131.03,1.0
2009-09-23,3060.07,1.0
2009-09-24,3080.93,1.0
2009-09-25,3058.53,1.0
2009-09-28,2972.64,1.0
2009-09-29,2972.29,1.0
2009-09-30,3004.8,1.0
2009-10-09,3163.71,1.0
2009-10-12,3151.63,1.0
2009-10-13,3198.52,1.0
2009-10-14,3227.4,1.0
2009-10-15,3239.64,1.0
2009-10-16,3241.71,1.0
2009-10-19,3329.16,1.0
2009-10-20,3377.57,1.0
2009-10-21,3369.28,1.0
2009-10-22,3347.32,1.0
2009-10-23,3413.25,1.0
2009-10-26,3414.24,1.0
2009-10-27,3314.72,1.0
2009-10-28,3329.33,1.0
2009-10-29,3247.05,1.0
2009-10-30,3280.37,1.0
2009-11-02,3392.8,1.0
2009-11-03,3435.43,1.0
2009-11-04,3453.89,1.0
2009-11-05,3464.32,1.0
2009-11-06,3483.02,1.0
2009-11-09,3495.79,1.0
2009-11-10,3503.78,1.0
2009-11-11,3495.67,1.0
2009-11-12,3499.99,1.0
2009-11-13,3518.72,1.0
2009-11-16,3625.8,1.0
2009-11-17,3628.35,1.0
2009-11-18,3630.23,1.0
2009-11-19,3642.44,1.0
2009-11-20,3631.01,1.0
2009-11-23,3665.51,1.0
2009-11-24,3548.08,1.0
2009-11-25,3629.63,1.0
2009-11-26,3485.77,1.0
2009-11-27,3382.51,1.0
2009-11-30,3511.67,1.0
2009-12-01,3560.83,1.0
2009-12-02,3597.33,1.0
2009-12-03,3590.88,1.0
2009-12-04,3643.49,1.0
2009-12-07,3668.83,1.0
2009-12-08,3624.02,1.0
2009-12-09,3554.48,1.0
2009-12-10,3577.24,1.0
2009-12-11,3575.02,1.0
2009-12-14,3612.75,1.0
2009-12-15,3583.34,1.0
2009-12-16,3560.72,1.0
2009-12-17,3480.15,1.0
2009-12-18,3391.74,1.0
2009-12-21,3396.62,1.0
2009-12-22,3305.54,1.0
2009-12-23,3336.48,1.0
2009-12-24,3438.82,1.0
2009-12-25,3424.78,1.0
2009-12-28,3478.43,1.0
2009-12-29,3500.74,1.0
2009-12-30,3558.86,1.0
2009-12-31,3575.68,1.0
2010-01-04,3535.23,1.0
2010-01-05,3564.04,1.0
2010-01-06,3541.73,1.0
2010-01-07,3471.46,1.0
2010-01-08,3480.13,1.0
2010-01-11,3482.05,1.0
2010-01-12,3534.92,1.0
2010-01-13,3421.14,1.0
2010-01-14,3469.05,1.0
2010-01-15,3482.74,1.0
2010-01-18,3500.68,1.0
2010-01-19,3507.48,1.0
2010-01-20,3394.43,1.0
2010-01-21,3408.57,1.0
2010-01-22,3366.2,1.0
2010-01-25,3328.01,1.0
2010-01-26,3242.8,1.0
2010-01-27,3198.57,1.0
2010-01-28,3206.57,1.0
2010-01-29,3204.16,1.0
2010-02-01,3152.71,1.0
2010-02-02,3146.19,1.0
2010-02-03,3230.72,1.0
2010-02-04,3218.8,1.0
2010-02-05,3153.09,1.0
2010-02-08,3150.99,1.0
2010-02-09,3169.19,1.0
2010-02-10,3214.13,1.0
2010-02-11,3220.4,1.0
2010-02-12,3251.28,1.0
2010-02-22,3233.34,1.0
2010-02-23,3198.63,1.0
2010-02-24,3244.48,1.0
2010-02-25,3292.13,1.0
2010-02-26,3281.67,1.0
2010-03-01,3324.42,1.0
2010-03-02,3311.24,1.0
2010-03-03,3335.08,1.0
2010-03-04,3250.57,1.0
2010-03-05,3259.76,1.0
2010-03-08,3286.18,1.0
2010-03-09,3305.86,1.0
2010-03-10,3279.69,1.0
2010-03-11,3276.7,1.0
2010-03-12,3233.13,1.0
2010-03-15,3183.18,1.0
2010-03-16,3203.97,1.0
2010-03-17,3273.92,1.0
2010-03-18,3267.55,1.0
2010-03-19,3293.87,1.0
2010-03-22,3302.63,1.0
2010-03-23,3275.57,1.0
2010-03-24,3276.67,1.0
2010-03-25,3229.13,1.0
2010-03-26,3275.0,1.0
2010-03-29,3358.54,1.0
2010-03-30,3366.71,1.0
2010-03-31,3345.61,1.0
2010-04-01,3391.93,1.0
2010-04-02,3407.35,1.0
2010-04-06,3405.14,1.0
2010-04-07,3386.95,1.0
2010-04-08,3346.74,1.0
2010-04-09,3379.17,1.0
2010-04-12,3351.48,1.0
2010-04-13,3391.72,1.0
2010-04-14,3403.71,1.0
2010-04-15,3394.57,1.0
2010-04-16,3356.33,1.0
2010-04-19,3176.42,1.0
2010-04-20,3173.37,1.0
2010-04-21,3236.68,1.0
2010-04-22,3201.54,1.0
2010-04-23,3190.0,1.0
2010-04-26,3172.0,1.0
2010-04-27,3108.41,1.0
2010-04-28,3097.35,1.0
2010-04-29,3060.06,1.0
2010-04-30,3067.36,1.0
2010-05-04,3019.45,1.0
2010-05-05,3036.39,1.0
2010-05-06,2896.86,1.0
2010-05-07,2836.79,1.0
2010-05-10,2858.23,1.0
2010-05-11,2800.82,1.0
2010-05-12,2818.16,1.0
2010-05-13,2886.91,1.0
2010-05-14,2868.02,1.0
2010-05-17,2714.72,1.0
2010-05-18,2771.35,1.0
2010-05-19,2762.17,1.0
2010-05-20,2726.02,1.0
2010-05-21,2768.79,1.0
2010-05-24,2873.47,1.0
2010-05-25,2813.94,1.0
2010-05-26,2813.94,1.0
2010-05-27,2859.98,1.0
2010-05-28,2850.3,1.0
2010-05-31,2773.26,1.0
2010-06-01,2744.16,1.0
2010-06-02,2757.53,1.0
2010-06-03,2736.08,1.0
2010-06-04,2744.39,1.0
2010-06-07,2695.72,1.0
2010-06-08,2699.34,1.0
2010-06-09,2782.13,1.0
2010-06-10,2750.02,1.0
2010-06-11,2758.87,1.0
2010-06-17,2742.73,1.0
2010-06-18,2696.17,1.0
2010-06-21,2780.66,1.0
2010-06-22,2783.72,1.0
2010-06-23,2758.49,1.0
2010-06-24,2757.5,1.0
2010-06-25,2736.29,1.0
2010-06-28,2716.78,1.0
2010-06-29,2592.02,1.0
2010-06-30,2563.07,1.0
2010-07-01,2526.07,1.0
2010-07-02,2534.11,1.0
2010-07-05,2512.65,1.0
2010-07-06,2562.9,1.0
2010-07-07,2580.48,1.0
2010-07-08,2575.92,1.0
2010-07-09,2647.1,1.0
2010-07-12,2676.22,1.0
2010-07-13,2634.59,1.0
2010-07-14,2653.61,1.0
2010-07-15,2608.52,1.0
2010-07-16,2616.13,1.0
2010-07-19,2682.47,1.0
2010-07-20,2741.5,1.0
2010-07-21,2747.34,1.0
2010-07-22,2781.29,1.0
2010-07-23,2793.08,1.0
2010-07-26,2811.05,1.0
2010-07-27,2795.72,1.0
2010-07-28,2863.72,1.0
2010-07-29,2877.98,1.0
2010-07-30,2868.85,1.0
2010-08-02,2917.28,1.0
2010-08-03,2865.97,1.0
2010-08-04,2876.43,1.0
2010-08-05,2850.83,1.0
2010-08-06,2897.66,1.0
2010-08-09,2918.24,1.0
2010-08-10,2832.64,1.0
2010-08-11,2850.21,1.0
2010-08-12,2816.39,1.0
2010-08-13,2855.55,1.0
2010-08-16,2922.08,1.0
2010-08-17,2942.29,1.0
2010-08-18,2937.36,1.0
2010-08-19,2955.39,1.0
2010-08-20,2898.33,1.0
2010-08-23,2896.19,1.0
2010-08-24,2911.83,1.0
2010-08-25,2843.02,1.0
2010-08-26,2850.09,1.0
2010-08-27,2858.57,1.0
2010-08-30,2915.01,1.0
2010-08-31,2903.19,1.0
2010-09-01,2884.04,1.0
2010-09-02,2921.39,1.0
2010-09-03,2920.2,1.0
2010-09-06,2975.09,1.0
2010-09-07,2983.11,1.0
2010-09-08,2980.97,1.0
2010-09-09,2926.46,1.0
2010-09-10,2932.55,1.0
2010-09-13,2962.32,1.0
2010-09-14,2965.01,1.0
2010-09-15,2913.19,1.0
2010-09-16,2857.79,1.0
2010-09-17,2861.37,1.0
2010-09-20,2849.83,1.0
2010-09-21,2857.48,1.0
2010-09-27,2905.03,1.0
2010-09-28,2880.91,1.0
2010-09-29,2874.81,1.0
2010-09-30,2935.57,1.0
2010-10-08,3044.23,1.0
2010-10-11,3132.89,1.0
2010-10-12,3172.73,1.0
2010-10-13,3217.58,1.0
2010-10-14,3224.14,1.0
2010-10-15,3327.68,1.0
2010-10-18,3306.16,1.0
2010-10-19,3375.67,1.0
2010-10-20,3396.88,1.0
2010-10-21,3374.68,1.0
2010-10-22,3378.66,1.0
2010-10-25,3481.08,1.0
2010-10-26,3466.08,1.0
2010-10-27,3403.87,1.0
2010-10-28,3397.69,1.0
2010-10-29,3379.98,1.0
2010-11-01,3472.99,1.0
2010-11-02,3463.13,1.0
2010-11-03,3420.34,1.0
2010-11-04,3480.51,1.0
2010-11-05,3520.8,1.0
2010-11-08,3548.57,1.0
2010-11-09,3523.95,1.0
2010-11-10,3499.11,1.0
2010-11-11,3509.97,1.0
2010-11-12,3291.83,1.0
2010-11-15,3314.89,1.0
2010-11-16,3169.54,1.0
2010-11-17,3103.91,1.0
2010-11-18,3147.96,1.0
2010-11-19,3178.85,1.0
2010-11-22,3171.94,1.0
2010-11-23,3107.18,1.0
2010-11-24,3177.04,1.0
2010-11-25,3223.48,1.0
2010-11-26,3194.85,1.0
2010-11-29,3190.05,1.0
2010-11-30,3136.99,1.0
2010-12-01,3136.02,1.0
2010-12-02,3155.06,1.0
2010-12-03,3158.16,1.0
2010-12-06,3165.57,1.0
2010-12-07,3200.34,1.0
2010-12-08,3171.88,1.0
2010-12-09,3123.37,1.0
2010-12-10,3161.98,1.0
2010-12-13,3261.06,1.0
2010-12-14,3269.47,1.0
2010-12-15,3247.64,1.0
2010-12-16,3230.66,1.0
2010-12-17,3225.66,1.0
2010-12-20,3178.66,1.0
2010-12-21,3249.51,1.0
2010-12-22,3215.45,1.0
2010-12-23,3188.61,1.0
2010-12-24,3162.95,1.0
2010-12-27,3099.71,1.0
2010-12-28,3044.93,1.0
2010-12-29,3061.83,1.0
2010-12-30,3064.1,1.0
2010-12-31,3128.26,1.0
2011-01-04,3189.68,1.0
2011-01-05,3175.66,1.0
2011-01-06,3159.64,1.0
2011-01-07,3166.62,1.0
2011-01-10,3108.19,1.0
2011-01-11,3124.92,1.0
2011-01-12,3142.34,1.0
2011-01-13,3141.28,1.0
2011-01-14,3091.86,1.0
2011-01-17,2974.35,1.0
2011-01-18,2977.65,1.0
2011-01-19,3044.85,1.0
2011-01-20,2944.71,1.0
2011-01-21,2983.46,1.0
2011-01-24,2954.23,1.0
2011-01-25,2938.65,1.0
2011-01-26,2978.43,1.0
2011-01-27,3026.47,1.0
2011-01-28,3036.74,1.0
2011-01-31,3076.51,1.0
2011-02-01,3077.28,1.0
2011-02-09,3040.95,1.0
2011-02-10,3104.16,1.0
2011-02-11,3120.96,1.0
2011-02-14,3219.14,1.0
2011-02-15,3217.67,1.0
2011-02-16,3248.53,1.0
2011-02-17,3245.91,1.0
2011-02-18,3211.88,1.0
2011-02-21,3257.91,1.0
2011-02-22,3163.58,1.0
2011-02-23,3174.74,1.0
2011-02-24,3190.93,1.0
2011-02-25,3197.62,1.0
2011-02-28,3239.56,1.0
2011-03-01,3254.89,1.0
2011-03-02,3243.3,1.0
2011-03-03,3221.72,1.0
2011-03-04,3270.67,1.0
2011-03-07,3334.51,1.0
2011-03-08,3337.46,1.0
2011-03-09,3338.86,1.0
2011-03-10,3280.26,1.0
2011-03-11,3247.38,1.0
2011-03-14,3262.92,1.0
2011-03-15,3203.96,1.0
2011-03-16,3248.2,1.0
2011-03-17,3197.1,1.0
2011-03-18,3215.68,1.0
2011-03-21,3207.11,1.0
2011-03-22,3222.96,1.0
2011-03-23,3264.93,1.0
2011-03-24,3251.36,1.0
2011-03-25,3294.48,1.0
2011-03-28,3290.57,1.0
2011-03-29,3257.98,1.0
2011-03-30,3256.08,1.0
2011-03-31,3223.29,1.0
2011-04-01,3272.73,1.0
2011-04-06,3311.07,1.0
2011-04-07,3324.42,1.0
2011-04-08,3353.36,1.0
2011-04-11,3333.43,1.0
2011-04-12,3326.77,1.0
2011-04-13,3372.03,1.0
2011-04-14,3353.56,1.0
2011-04-15,3358.94,1.0
2011-04-18,3359.44,1.0
2011-04-19,3295.81,1.0
2011-04-20,3295.76,1.0
2011-04-21,3317.37,1.0
2011-04-22,3299.94,1.0
2011-04-25,3249.57,1.0
2011-04-26,3230.96,1.0
2011-04-27,3209.5,1.0
2011-04-28,3161.78,1.0
2011-04-29,3192.72,1.0
2011-05-03,3211.13,1.0
2011-05-04,3129.03,1.0
2011-05-05,3126.12,1.0
2011-05-06,3121.4,1.0
2011-05-09,3129.76,1.0
2011-05-10,3153.22,1.0
2011-05-11,3145.09,1.0
2011-05-12,3101.6,1.0
2011-05-13,3128.09,1.0
2011-05-16,3100.46,1.0
2011-05-17,3116.03,1.0
2011-05-18,3139.38,1.0
2011-05-19,3120.64,1.0
2011-05-20,3121.6,1.0
2011-05-23,3022.98,1.0
2011-05-24,3026.22,1.0
2011-05-25,2990.34,1.0
2011-05-26,2978.38,1.0
2011-05-27,2963.31,1.0
2011-05-30,2954.51,1.0
2011-05-31,3001.56,1.0
2011-06-01,3004.17,1.0
2011-06-02,2955.7,1.0
2011-06-03,2986.35,1.0
2011-06-07,3004.26,1.0
2011-06-08,3008.65,1.0
2011-06-09,2951.89,1.0
2011-06-10,2961.93,1.0
2011-06-13,2950.35,1.0
2011-06-14,2993.56,1.0
2011-06-15,2963.12,1.0
2011-06-16,2917.58,1.0
2011-06-17,2892.16,1.0
2011-06-20,2874.9,1.0
2011-06-21,2909.07,1.0
2011-06-22,2908.58,1.0
2011-06-23,2957.63,1.0
2011-06-24,3027.47,1.0
2011-06-27,3036.49,1.0
2011-06-28,3041.73,1.0
2011-06-29,3000.17,1.0
2011-06-30,3044.09,1.0
2011-07-01,3049.74,1.0
2011-07-04,3121.98,1.0
2011-07-05,3122.5,1.0
2011-07-06,3113.71,1.0
2011-07-07,3101.68,1.0
2011-07-08,3109.18,1.0
2011-07-11,3113.21,1.0
2011-07-12,3056.91,1.0
2011-07-13,3106.25,1.0
2011-07-14,3115.74,1.0
2011-07-15,3128.89,1.0
2011-07-18,3122.6,1.0
2011-07-19,3095.13,1.0
2011-07-20,3091.57,1.0
2011-07-21,3059.14,1.0
2011-07-22,3067.99,1.0
2011-07-25,2968.29,1.0
2011-07-26,2977.77,1.0
2011-07-27,3000.05,1.0
2011-07-28,2981.0,1.0
2011-07-29,2972.08,1.0
2011-08-01,2977.72,1.0
2011-08-02,2956.38,1.0
2011-08-03,2954.87,1.0
2011-08-04,2960.31,1.0
2011-08-05,2897.42,1.0
2011-08-08,2793.9,1.0
2011-08-09,2798.19,1.0
2011-08-10,2824.12,1.0
2011-08-11,2866.92,1.0
2011-08-12,2875.36,1.0
2011-08-15,2917.88,1.0
2011-08-16,2897.58,1.0
2011-08-17,2886.01,1.0
2011-08-18,2834.25,1.0
2011-08-19,2807.66,1.0
2011-08-22,2777.79,1.0
2011-08-23,2821.0,1.0
2011-08-24,2810.02,1.0
2011-08-25,2903.84,1.0
2011-08-26,2901.22,1.0
2011-08-29,2852.81,1.0
2011-08-30,2841.74,1.0
2011-08-31,2846.78,1.0
2011-09-01,2834.53,1.0
2011-09-02,2803.85,1.0
2011-09-05,2743.82,1.0
2011-09-06,2723.3,1.0
2011-09-07,2779.09,1.0
2011-09-08,2756.11,1.0
2011-09-09,2751.09,1.0
2011-09-13,2720.28,1.0
2011-09-14,2733.11,1.0
2011-09-15,2729.05,1.0
2011-09-16,2733.99,1.0
2011-09-19,2679.27,1.0
2011-09-20,2689.84,1.0
2011-09-21,2771.01,1.0
2011-09-22,2685.69,1.0
2011-09-23,2669.48,1.0
2011-09-26,2610.92,1.0
2011-09-27,2637.88,1.0
2011-09-28,2610.59,1.0
2011-09-29,2588.18,1.0
2011-09-30,2581.35,1.0
2011-10-10,2557.08,1.0
2011-10-11,2551.99,1.0
2011-10-12,2644.76,1.0
2011-10-13,2662.6,1.0
2011-10-14,2653.78,1.0
2011-10-17,2666.95,1.0
2011-10-18,2592.21,1.0
2011-10-19,2583.08,1.0
2011-10-20,2520.53,1.0
2011-10-21,2507.88,1.0
2011-10-24,2576.67,1.0
2011-10-25,2625.43,1.0
2011-10-26,2651.65,1.0
2011-10-27,2657.48,1.0
2011-10-28,2709.02,1.0
2011-10-31,2695.31,1.0
2011-11-01,2697.53,1.0
2011-11-02,2742.39,1.0
2011-11-03,2744.3,1.0
2011-11-04,2763.75,1.0
2011-11-07,2736.25,1.0
2011-11-08,2727.71,1.0
2011-11-09,2751.65,1.0
2011-11-10,2699.59,1.0
2011-11-11,2695.0,1.0
2011-11-14,2750.2,1.0
2011-11-15,2744.68,1.0
2011-11-16,2670.12,1.0
2011-11-17,2662.02,1.0
2011-11-18,2606.49,1.0
2011-11-21,2609.69,1.0
2011-11-22,2609.47,1.0
2011-11-23,2584.01,1.0
2011-11-24,2588.91,1.0
2011-11-25,2569.97,1.0
2011-11-28,2573.32,1.0
2011-11-29,2608.57,1.0
2011-11-30,2521.52,1.0
2011-12-01,2583.61,1.0
2011-12-02,2557.31,1.0
2011-12-05,2521.39,1.0
2011-12-06,2516.34,1.0
2011-12-07,2528.23,1.0
2011-12-08,2525.0,1.0
2011-12-09,2503.46,1.0
2011-12-12,2477.69,1.0
2011-12-13,2421.93,1.0
2011-12-14,2397.48,1.0
2011-12-15,2340.79,1.0
2011-12-16,2390.13,1.0
2011-12-19,2384.41,1.0
2011-12-20,2377.07,1.0
2011-12-21,2339.11,1.0
2011-12-22,2341.34,1.0
2011-12-23,2359.16,1.0
2011-12-26,2335.7,1.0
2011-12-27,2305.03,1.0
2011-12-28,2307.93,1.0
2011-12-29,2311.36,1.0
2011-12-30,2345.74,1.0
2012-01-04,2298.75,1.0
2012-01-05,2276.39,1.0
2012-01-06,2290.6,1.0
2012-01-09,2368.57,1.0
2012-01-10,2447.35,1.0
2012-01-11,2435.61,1.0
2012-01-12,2435.22,1.0
2012-01-13,2394.33,1.0
2012-01-16,2345.65,1.0
2012-01-17,2460.6,1.0
2012-01-18,2422.19,1.0
2012-01-19,2468.35,1.0
2012-01-20,2504.09,1.0
2012-01-30,2460.72,1.0
2012-01-31,2464.26,1.0
2012-02-01,2428.99,1.0
2012-02-02,2486.24,1.0
2012-02-03,2506.09,1.0
2012-02-06,2504.32,1.0
2012-02-07,2457.95,1.0
2012-02-08,2528.24,1.0
2012-02-09,2529.23,1.0
2012-02-10,2533.62,1.0
2012-02-13,2531.98,1.0
2012-02-14,2522.11,1.0
2012-02-15,2549.61,1.0
2012-02-16,2536.07,1.0
2012-02-17,2537.09,1.0
2012-02-20,2540.71,1.0
2012-02-21,2562.45,1.0
2012-02-22,2597.48,1.0
2012-02-23,2606.26,1.0
2012-02-24,2648.02,1.0
2012-02-27,2656.57,1.0
2012-02-28,2662.46,1.0
2012-02-29,2634.14,1.0
2012-03-01,2633.34,1.0
2012-03-02,2679.93,1.0
2012-03-05,2662.7,1.0
2012-03-06,2621.05,1.0
2012-03-07,2603.01,1.0
2012-03-08,2635.79,1.0
2012-03-09,2664.3,1.0
2012-03-12,2654.4,1.0
2012-03-13,2681.07,1.0
2012-03-14,2605.11,1.0
2012-03-15,2585.55,1.0
2012-03-16,2623.52,1.0
2012-03-19,2630.01,1.0
2012-03-20,2584.45,1.0
2012-03-21,2587.79,1.0
2012-03-22,2583.75,1.0
2012-03-23,2552.94,1.0
2012-03-26,2555.44,1.0
2012-03-27,2547.14,1.0
2012-03-28,2474.9,1.0
2012-03-29,2443.12,1.0
2012-03-30,2454.9,1.0
2012-04-05,2512.83,1.0
2012-04-06,2519.83,1.0
2012-04-09,2495.15,1.0
2012-04-10,2519.79,1.0
2012-04-11,2520.04,1.0
2012-04-12,2570.44,1.0
2012-04-13,2580.45,1.0
2012-04-16,2574.04,1.0
2012-04-17,2541.88,1.0
2012-04-18,2599.91,1.0
2012-04-19,2596.06,1.0
2012-04-20,2626.84,1.0
2012-04-23,2606.04,1.0
2012-04-24,2604.87,1.0
2012-04-25,2625.99,1.0
2012-04-26,2631.49,1.0
2012-04-27,2626.16,1.0
2012-05-02,2683.49,1.0
2012-05-03,2691.52,1.0
2012-05-04,2715.88,1.0
2012-05-07,2717.78,1.0
2012-05-08,2709.12,1.0
2012-05-09,2657.51,1.0
2012-05-10,2657.21,1.0
2012-05-11,2636.92,1.0
2012-05-14,2615.53,1.0
2012-05-15,2617.37,1.0
2012-05-16,2574.65,1.0
2012-05-17,2613.94,1.0
2012-05-18,2573.98,1.0
2012-05-21,2587.23,1.0
2012-05-22,2627.53,1.0
2012-05-23,2616.87,1.0
2012-05-24,2595.26,1.0
2012-05-25,2573.1,1.0
2012-05-28,2614.69,1.0
2012-05-29,2650.85,1.0
2012-05-30,2642.26,1.0
2012-05-31,2632.04,1.0
2012-06-01,2633.0,1.0
2012-06-04,2559.03,1.0
2012-06-05,2558.84,1.0
2012-06-06,2557.4,1.0
2012-06-07,2542.18,1.0
2012-06-08,2524.33,1.0
2012-06-11,2558.26,1.0
2012-06-12,2540.18,1.0
2012-06-13,2580.64,1.0
2012-06-14,2560.42,1.0
2012-06-15,2568.05,1.0
2012-06-18,2581.21,1.0
2012-06-19,2558.62,1.0
2012-06-20,2552.61,1.0
2012-06-21,2512.18,1.0
2012-06-25,2456.52,1.0
2012-06-26,2454.91,1.0
2012-06-27,2447.2,1.0
2012-06-28,2425.73,1.0
2012-06-29,2461.61,1.0
2012-07-02,2465.24,1.0
2012-07-03,2468.72,1.0
2012-07-04,2464.92,1.0
2012-07-05,2430.37,1.0
2012-07-06,2472.61,1.0
2012-07-09,2416.04,1.0
2012-07-10,2406.71,1.0
2012-07-11,2425.57,1.0
2012-07-12,2449.18,1.0
2012-07-13,2450.63,1.0
2012-07-16,2399.73,1.0
2012-07-17,2414.2,1.0
2012-07-18,2414.34,1.0
2012-07-19,2424.32,1.0
2012-07-20,2398.45,1.0
2012-07-23,2365.43,1.0
2012-07-24,2375.99,1.0
2012-07-25,2360.08,1.0
2012-07-26,2347.49,1.0
2012-07-27,2349.11,1.0
2012-07-30,2335.79,1.0
2012-07-31,2332.92,1.0
2012-08-01,2358.65,1.0
2012-08-02,2334.88,1.0
2012-08-03,2353.74,1.0
2012-08-06,2385.61,1.0
2012-08-07,2388.87,1.0
2012-08-08,2389.8,1.0
2012-08-09,2411.7,1.0
2012-08-10,2399.75,1.0
2012-08-13,2351.93,1.0
2012-08-14,2357.02,1.0
2012-08-15,2331.61,1.0
2012-08-16,2319.67,1.0
2012-08-17,2313.48,1.0
2012-08-20,2301.79,1.0
2012-08-21,2313.7,1.0
2012-08-22,2295.59,1.0
2012-08-23,2302.2,1.0
2012-08-24,2275.68,1.0
2012-08-27,2228.2,1.0
2012-08-28,2238.41,1.0
2012-08-29,2214.81,1.0
2012-08-30,2211.37,1.0
2012-08-31,2204.87,1.0
2012-09-03,2228.37,1.0
2012-09-04,2204.41,1.0
2012-09-05,2199.88,1.0
2012-09-06,2217.82,1.0
2012-09-07,2317.18,1.0
2012-09-10,2326.67,1.0
2012-09-11,2311.89,1.0
2012-09-12,2320.07,1.0
2012-09-13,2298.46,1.0
2012-09-14,2315.54,1.0
2012-09-17,2258.7,1.0
2012-09-18,2235.24,1.0
2012-09-19,2246.24,1.0
2012-09-20,2195.95,1.0
2012-09-21,2199.06,1.0
2012-09-24,2215.52,1.0
2012-09-25,2210.15,1.0
2012-09-26,2184.89,1.0
2012-09-27,2251.72,1.0
2012-09-28,2293.11,1.0
2012-10-08,2270.05,1.0
2012-10-09,2320.16,1.0
2012-10-10,2324.12,1.0
2012-10-11,2302.53,1.0
2012-10-12,2304.53,1.0
2012-10-15,2294.86,1.0
2012-10-16,2298.16,1.0
2012-10-17,2300.8,1.0
2012-10-18,2336.08,1.0
2012-10-19,2332.47,1.0
2012-10-22,2341.59,1.0
2012-10-23,2312.08,1.0
2012-10-24,2307.78,1.0
2012-10-25,2291.24,1.0
2012-10-26,2247.91,1.0
2012-10-29,2235.85,1.0
2012-10-30,2239.88,1.0
2012-10-31,2254.82,1.0
2012-11-01,2297.88,1.0
2012-11-02,2306.77,1.0
2012-11-05,2301.88,1.0
2012-11-06,2292.21,1.0
2012-11-07,2287.51,1.0
2012-11-08,2245.41,1.0
2012-11-09,2240.92,1.0
2012-11-12,2251.85,1.0
2012-11-13,2212.44,1.0
2012-11-14,2223.11,1.0
2012-11-15,2193.62,1.0
2012-11-16,2177.24,1.0
2012-11-19,2174.99,1.0
2012-11-20,2164.88,1.0
2012-11-21,2194.9,1.0
2012-11-22,2177.55,1.0
2012-11-23,2192.68,1.0
2012-11-26,2175.6,1.0
2012-11-27,2150.64,1.0
2012-11-28,2129.16,1.0
2012-11-29,2115.68,1.0
2012-11-30,2139.66,1.0
2012-12-03,2108.85,1.0
2012-12-04,2131.47,1.0
2012-12-05,2207.88,1.0
2012-12-06,2203.6,1.0
2012-12-07,2246.76,1.0
2012-12-10,2271.05,1.0
2012-12-11,2258.5,1.0
2012-12-12,2267.77,1.0
2012-12-13,2242.64,1.0
2012-12-14,2355.86,1.0
2012-12-17,2366.7,1.0
2012-12-18,2368.12,1.0
2012-12-19,2371.11,1.0
2012-12-20,2384.82,1.0
2012-12-21,2372.0,1.0
2012-12-24,2381.22,1.0
2012-12-25,2448.39,1.0
2012-12-26,2457.62,1.0
2012-12-27,2444.59,1.0
2012-12-28,2480.05,1.0
2012-12-31,2522.95,1.0
2013-01-04,2524.41,1.0
2013-01-07,2535.99,1.0
2013-01-08,2525.33,1.0
2013-01-09,2526.13,1.0
2013-01-10,2530.57,1.0
2013-01-11,2483.23,1.0
2013-01-14,2577.72,1.0
2013-01-15,2595.86,1.0
2013-01-16,2577.09,1.0
2013-01-17,2552.76,1.0
2013-01-18,2595.44,1.0
2013-01-21,2610.9,1.0
2013-01-22,2596.9,1.0
2013-01-23,2607.46,1.0
2013-01-24,2582.76,1.0
2013-01-25,2571.67,1.0
2013-01-28,2651.86,1.0
2013-01-29,2675.87,1.0
2013-01-30,2688.71,1.0
2013-01-31,2686.88,1.0
2013-02-01,2743.32,1.0
2013-02-04,2748.03,1.0
2013-02-05,2771.68,1.0
2013-02-06,2775.84,1.0
2013-02-07,2759.87,1.0
2013-02-08,2771.72,1.0
2013-02-18,2737.47,1.0
2013-02-19,2685.61,1.0
2013-02-20,2702.64,1.0
2013-02-21,2610.55,1.0
2013-02-22,2596.6,1.0
2013-02-25,2604.96,1.0
2013-02-26,2567.59,1.0
2013-02-27,2594.68,1.0
2013-02-28,2673.33,1.0
2013-03-01,2668.84,1.0
2013-03-04,2545.72,1.0
2013-03-05,2622.81,1.0
2013-03-06,2650.2,1.0
2013-03-07,2619.48,1.0
2013-03-08,2606.93,1.0
2013-03-11,2592.37,1.0
2013-03-12,2555.61,1.0
2013-03-13,2527.49,1.0
2013-03-14,2534.27,1.0
2013-03-15,2539.87,1.0
2013-03-18,2502.49,1.0
2013-03-19,2525.1,1.0
2013-03-20,2610.17,1.0
2013-03-21,2614.99,1.0
2013-03-22,2618.31,1.0
2013-03-25,2613.1,1.0
2013-03-26,2575.05,1.0
2013-03-27,2583.53,1.0
2013-03-28,2499.3,1.0
2013-03-29,2495.08,1.0
2013-04-01,2493.19,1.0
2013-04-02,2486.39,1.0
2013-04-03,2483.55,1.0
2013-04-08,2472.3,1.0
2013-04-09,2489.43,1.0
2013-04-10,2485.31,1.0
2013-04-11,2477.88,1.0
2013-04-12,2462.11,1.0
2013-04-15,2436.82,1.0
2013-04-16,2459.59,1.0
2013-04-17,2458.47,1.0
2013-04-18,2464.85,1.0
2013-04-19,2533.83,1.0
2013-04-22,2530.67,1.0
2013-04-23,2449.47,1.0
2013-04-24,2495.58,1.0
2013-04-25,2467.88,1.0
2013-04-26,2447.31,1.0
2013-05-02,2449.64,1.0
2013-05-03,2492.91,1.0
2013-05-06,2525.98,1.0
2013-05-07,2529.94,1.0
2013-05-08,2542.8,1.0
2013-05-09,2527.79,1.0
2013-05-10,2540.84,1.0
2013-05-13,2530.77,1.0
2013-05-14,2493.34,1.0
2013-05-15,2506.93,1.0
2013-05-16,2552.71,1.0
2013-05-17,2592.05,1.0
2013-05-20,2609.61,1.0
2013-05-21,2614.85,1.0
2013-05-22,2618.03,1.0
2013-05-23,2582.85,1.0
2013-05-24,2597.23,1.0
2013-05-27,2599.59,1.0
2013-05-28,2644.36,1.0
2013-05-29,2642.56,1.0
2013-05-30,2634.32,1.0
2013-05-31,2606.43,1.0
2013-06-03,2602.62,1.0
2013-06-04,2565.67,1.0
2013-06-05,2560.54,1.0
2013-06-06,2527.84,1.0
2013-06-07,2484.16,1.0
2013-06-13,2399.94,1.0
2013-06-14,2416.77,1.0
2013-06-17,2403.84,1.0
2013-06-18,2418.74,1.0
2013-06-19,2400.76,1.0
2013-06-20,2321.47,1.0
2013-06-21,2317.39,1.0
2013-06-24,2171.21,1.0
2013-06-25,2165.42,1.0
2013-06-26,2168.3,1.0
2013-06-27,2160.74,1.0
2013-06-28,2200.64,1.0
2013-07-01,2213.32,1.0
2013-07-02,2221.98,1.0
2013-07-03,2203.83,1.0
2013-07-04,2221.98,1.0
2013-07-05,2226.85,1.0
2013-07-08,2163.62,1.0
2013-07-09,2162.67,1.0
2013-07-10,2224.07,1.0
2013-07-11,2326.69,1.0
2013-07-12,2275.37,1.0
2013-07-15,2307.3,1.0
2013-07-16,2317.85,1.0
2013-07-17,2282.84,1.0
2013-07-18,2245.33,1.0
2013-07-19,2190.48,1.0
2013-07-22,2202.19,1.0
2013-07-23,2265.84,1.0
2013-07-24,2249.15,1.0
2013-07-25,2237.68,1.0
2013-07-26,2224.01,1.0
2013-07-29,2175.97,1.0
2013-07-30,2189.39,1.0
2013-07-31,2193.02,1.0
2013-08-01,2245.36,1.0
2013-08-02,2247.26,1.0
2013-08-05,2278.33,1.0
2013-08-06,2293.64,1.0
2013-08-07,2280.62,1.0
2013-08-08,2276.78,1.0
2013-08-09,2286.01,1.0
2013-08-12,2352.79,1.0
2013-08-13,2359.07,1.0
2013-08-14,2349.08,1.0
2013-08-15,2321.58,1.0
2013-08-16,2304.14,1.0
2013-08-19,2331.43,1.0
2013-08-20,2312.47,1.0
2013-08-21,2308.59,1.0
2013-08-22,2303.93,1.0
2013-08-23,2286.93,1.0
2013-08-26,2335.62,1.0
2013-08-27,2340.88,1.0
2013-08-28,2328.06,1.0
2013-08-29,2318.31,1.0
2013-08-30,2313.91,1.0
2013-09-02,2320.34,1.0
2013-09-03,2354.5,1.0
2013-09-04,2350.7,1.0
2013-09-05,2341.74,1.0
2013-09-06,2357.78,1.0
2013-09-09,2440.61,1.0
2013-09-10,2474.89,1.0
2013-09-11,2482.89,1.0
2013-09-12,2507.45,1.0
2013-09-13,2488.9,1.0
2013-09-16,2478.39,1.0
2013-09-17,2427.32,1.0
2013-09-18,2432.51,1.0
2013-09-23,2472.29,1.0
2013-09-24,2443.89,1.0
2013-09-25,2429.03,1.0
2013-09-26,2384.44,1.0
2013-09-27,2394.97,1.0
2013-09-30,2409.04,1.0
2013-10-08,2441.81,1.0
2013-10-09,2453.58,1.0
2013-10-10,2429.32,1.0
2013-10-11,2468.51,1.0
2013-10-14,2472.54,1.0
2013-10-15,2467.52,1.0
2013-10-16,2421.37,1.0
2013-10-17,2413.33,1.0
2013-10-18,2426.05,1.0
2013-10-21,2471.32,1.0
2013-10-22,2445.89,1.0
2013-10-23,2418.49,1.0
2013-10-24,2400.51,1.0
2013-10-25,2368.56,1.0
2013-10-28,2365.95,1.0
2013-10-29,2372.05,1.0
2013-10-30,2407.47,1.0
2013-10-31,2373.72,1.0
2013-11-01,2384.96,1.0
2013-11-04,2380.45,1.0
2013-11-05,2383.77,1.0
2013-11-06,2353.57,1.0
2013-11-07,2340.55,1.0
2013-11-08,2307.95,1.0
2013-11-11,2315.89,1.0
2013-11-12,2340.0,1.0
2013-11-13,2288.12,1.0
2013-11-14,2304.5,1.0
2013-11-15,2350.73,1.0
2013-11-18,2428.9,1.0
2013-11-19,2412.16,1.0
2013-11-20,2424.85,1.0
2013-11-21,2409.99,1.0
2013-11-22,2397.96,1.0
2013-11-25,2388.63,1.0
2013-11-26,2387.42,1.0
2013-11-27,2414.48,1.0
2013-11-28,2439.53,1.0
2013-11-29,2438.94,1.0
2013-12-02,2418.79,1.0
2013-12-03,2442.78,1.0
2013-12-04,2475.14,1.0
2013-12-05,2468.2,1.0
2013-12-06,2452.29,1.0
2013-12-09,2450.87,1.0
2013-12-10,2453.32,1.0
2013-12-11,2412.76,1.0
2013-12-12,2410.01,1.0
2013-12-13,2406.64,1.0
2013-12-16,2367.92,1.0
2013-12-17,2356.38,1.0
2013-12-18,2357.23,1.0
2013-12-19,2332.41,1.0
2013-12-20,2278.14,1.0
2013-12-23,2284.6,1.0
2013-12-24,2288.25,1.0
2013-12-25,2305.11,1.0
2013-12-26,2265.33,1.0
2013-12-27,2303.48,1.0
2013-12-30,2299.46,1.0
2013-12-31,2330.03,1.0
2014-01-02,2321.98,1.0
2014-01-03,2290.78,1.0
2014-01-06,2238.64,1.0
2014-01-07,2238.0,1.0
2014-01-08,2241.91,1.0
2014-01-09,2222.22,1.0
2014-01-10,2204.85,1.0
2014-01-13,2193.68,1.0
2014-01-14,2212.85,1.0
2014-01-15,2208.94,1.0
2014-01-16,2211.84,1.0
2014-01-17,2178.49,1.0
2014-01-20,2165.99,1.0
2014-01-21,2187.41,1.0
2014-01-22,2243.8,1.0
2014-01-23,2231.89,1.0
2014-01-24,2245.68,1.0
2014-01-27,2215.92,1.0
2014-01-28,2219.86,1.0
2014-01-29,2227.78,1.0
2014-01-30,2202.45,1.0
2014-02-07,2212.48,1.0
2014-02-10,2267.53,1.0
2014-02-11,2285.56,1.0
2014-02-12,2291.25,1.0
2014-02-13,2279.55,1.0
2014-02-14,2295.57,1.0
2014-02-17,2311.65,1.0
2014-02-18,2282.44,1.0
2014-02-19,2308.66,1.0
2014-02-20,2287.44,1.0
2014-02-21,2264.29,1.0
2014-02-24,2214.51,1.0
2014-02-25,2157.91,1.0
2014-02-26,2163.41,1.0
2014-02-27,2154.11,1.0
2014-02-28,2178.97,1.0
2014-03-03,2190.37,1.0
2014-03-04,2184.27,1.0
2014-03-05,2163.98,1.0
2014-03-06,2173.63,1.0
2014-03-07,2168.36,1.0
2014-03-10,2097.79,1.0
2014-03-11,2108.66,1.0
2014-03-12,2114.13,1.0
2014-03-13,2140.33,1.0
2014-03-14,2122.84,1.0
2014-03-17,2143.04,1.0
2014-03-18,2138.13,1.0
2014-03-19,2120.87,1.0
2014-03-20,2086.97,1.0
2014-03-21,2158.8,1.0
2014-03-24,2176.55,1.0
2014-03-25,2174.44,1.0
2014-03-26,2171.05,1.0
2014-03-27,2155.71,1.0
2014-03-28,2151.97,1.0
2014-03-31,2146.3,1.0
2014-04-01,2163.11,1.0
2014-04-02,2180.73,1.0
2014-04-03,2165.01,1.0
2014-04-04,2185.47,1.0
2014-04-08,2237.32,1.0
2014-04-09,2238.62,1.0
2014-04-10,2273.76,1.0
2014-04-11,2270.67,1.0
2014-04-14,2268.61,1.0
2014-04-15,2229.46,1.0
2014-04-16,2232.53,1.0
2014-04-17,2224.8,1.0
2014-04-18,2224.48,1.0
2014-04-21,2187.25,1.0
2014-04-22,2196.8,1.0
2014-04-23,2194.67,1.0
2014-04-24,2190.47,1.0
2014-04-25,2167.83,1.0
2014-04-28,2134.97,1.0
2014-04-29,2158.47,1.0
2014-04-30,2158.66,1.0
2014-05-05,2156.47,1.0
2014-05-06,2157.33,1.0
2014-05-07,2137.32,1.0
2014-05-08,2135.5,1.0
2014-05-09,2133.91,1.0
2014-05-12,2180.05,1.0
2014-05-13,2174.85,1.0
2014-05-14,2172.37,1.0
2014-05-15,2144.08,1.0
2014-05-16,2145.95,1.0
2014-05-19,2115.14,1.0
2014-05-20,2115.77,1.0
2014-05-21,2135.91,1.0
2014-05-22,2130.87,1.0
2014-05-23,2148.41,1.0
2014-05-26,2155.98,1.0
2014-05-27,2147.28,1.0
2014-05-28,2169.35,1.0
2014-05-29,2155.16,1.0
2014-05-30,2156.46,1.0
2014-06-03,2149.92,1.0
2014-06-04,2128.27,1.0
2014-06-05,2150.6,1.0
2014-06-06,2134.72,1.0
2014-06-09,2134.28,1.0
2014-06-10,2161.27,1.0
2014-06-11,2160.77,1.0
2014-06-12,2153.41,1.0
2014-06-13,2176.24,1.0
2014-06-16,2191.86,1.0
2014-06-17,2169.67,1.0
2014-06-18,2160.24,1.0
2014-06-19,2126.91,1.0
2014-06-20,2136.73,1.0
2014-06-23,2134.11,1.0
2014-06-24,2144.82,1.0
2014-06-25,2133.37,1.0
2014-06-26,2149.08,1.0
2014-06-27,2150.26,1.0
2014-06-30,2165.12,1.0
2014-07-01,2164.56,1.0
2014-07-02,2170.87,1.0
2014-07-03,2180.19,1.0
2014-07-04,2178.7,1.0
2014-07-07,2176.29,1.0
2014-07-08,2180.47,1.0
2014-07-09,2148.71,1.0
2014-07-10,2142.85,1.0
2014-07-11,2148.01,1.0
2014-07-14,2171.76,1.0
2014-07-15,2174.98,1.0
2014-07-16,2170.87,1.0
2014-07-17,2157.07,1.0
2014-07-18,2164.14,1.0
2014-07-21,2166.3,1.0
2014-07-22,2192.7,1.0
2014-07-23,2197.83,1.0
2014-07-24,2237.01,1.0
2014-07-25,2260.45,1.0
2014-07-28,2323.9,1.0
2014-07-29,2331.37,1.0
2014-07-30,2322.01,1.0
2014-07-31,2350.25,1.0
2014-08-01,2329.4,1.0
2014-08-04,2375.62,1.0
2014-08-05,2369.35,1.0
2014-08-06,2363.22,1.0
2014-08-07,2327.46,1.0
2014-08-08,2331.13,1.0
2014-08-11,2365.35,1.0
2014-08-12,2357.05,1.0
2014-08-13,2358.9,1.0
2014-08-14,2335.95,1.0
2014-08-15,2360.64,1.0
2014-08-18,2374.56,1.0
2014-08-19,2374.77,1.0
2014-08-20,2366.14,1.0
2014-08-21,2354.24,1.0
2014-08-22,2365.36,1.0
2014-08-25,2342.86,1.0
2014-08-26,2324.09,1.0
2014-08-27,2327.59,1.0
2014-08-28,2311.28,1.0
2014-08-29,2338.29,1.0
2014-09-01,2355.32,1.0
2014-09-02,2386.46,1.0
2014-09-03,2408.84,1.0
2014-09-04,2426.22,1.0
2014-09-05,2449.26,1.0
2014-09-09,2445.22,1.0
2014-09-10,2432.43,1.0
2014-09-11,2423.45,1.0
2014-09-12,2438.36,1.0
2014-09-15,2437.19,1.0
2014-09-16,2388.76,1.0
2014-09-17,2401.33,1.0
2014-09-18,2408.66,1.0
2014-09-19,2425.21,1.0
2014-09-22,2378.92,1.0
2014-09-23,2399.46,1.0
2014-09-24,2441.86,1.0
2014-09-25,2436.97,1.0
2014-09-26,2437.2,1.0
2014-09-29,2447.8,1.0
2014-09-30,2450.99,1.0
2014-10-08,2478.38,1.0
2014-10-09,2481.95,1.0
2014-10-10,2466.79,1.0
2014-10-13,2454.95,1.0
2014-10-14,2446.56,1.0
2014-10-15,2463.87,1.0
2014-10-16,2444.39,1.0
2014-10-17,2441.73,1.0
2014-10-20,2454.71,1.0
2014-10-21,2433.39,1.0
2014-10-22,2418.64,1.0
2014-10-23,2395.94,1.0
2014-10-24,2390.71,1.0
2014-10-27,2368.83,1.0
2014-10-28,2416.65,1.0
2014-10-29,2451.38,1.0
2014-10-30,2468.93,1.0
2014-10-31,2508.32,1.0
2014-11-03,2512.55,1.0
2014-11-04,2513.17,1.0
2014-11-05,2503.45,1.0
2014-11-06,2506.07,1.0
2014-11-07,2502.15,1.0
2014-11-10,2565.73,1.0
2014-11-11,2558.61,1.0
2014-11-12,2594.32,1.0
2014-11-13,2579.75,1.0
2014-11-14,2581.09,1.0
2014-11-17,2567.1,1.0
2014-11-18,2541.42,1.0
2014-11-19,2537.22,1.0
2014-11-20,2537.1,1.0
2014-11-21,2583.45,1.0
2014-11-24,2649.26,1.0
2014-11-25,2685.56,1.0
2014-11-26,2723.02,1.0
2014-11-27,2754.49,1.0
2014-11-28,2808.82,1.0
2014-12-01,2819.81,1.0
2014-12-02,2923.94,1.0
2014-12-03,2967.55,1.0
2014-12-04,3104.35,1.0
2014-12-05,3124.89,1.0
2014-12-08,3252.88,1.0
2014-12-09,3106.91,1.0
2014-12-10,3221.55,1.0
2014-12-11,3183.01,1.0
2014-12-12,3193.23,1.0
2014-12-15,3217.23,1.0
2014-12-16,3303.4,1.0
2014-12-17,3360.6,1.0
2014-12-18,3345.93,1.0
2014-12-19,3383.17,1.0
2014-12-22,3394.48,1.0
2014-12-23,3324.92,1.0
2014-12-24,3230.39,1.0
2014-12-25,3335.42,1.0
2014-12-26,3445.84,1.0
2014-12-29,3455.45,1.0
2014-12-30,3457.55,1.0
2014-12-31,3533.7,1.0
2015-01-05,3641.54,1.0
2015-01-06,3641.06,1.0
2015-01-07,3643.79,1.0
2015-01-08,3559.26,1.0
2015-01-09,3546.72,1.0
2015-01-12,3513.58,1.0
2015-01-13,3514.04,1.0
2015-01-14,3502.42,1.0
2015-01-15,3604.12,1.0
2015-01-16,3635.15,1.0
2015-01-19,3355.16,1.0
2015-01-20,3396.22,1.0
2015-01-21,3548.89,1.0
2015-01-22,3567.61,1.0
2015-01-23,3571.73,1.0
2015-01-26,3607.99,1.0
2015-01-27,3574.93,1.0
2015-01-28,3525.32,1.0
2015-01-29,3481.8,1.0
2015-01-30,3434.39,1.0
2015-02-02,3353.96,1.0
2015-02-03,3437.45,1.0
2015-02-04,3401.77,1.0
2015-02-05,3366.95,1.0
2015-02-06,3312.42,1.0
2015-02-09,3345.92,1.0
2015-02-10,3406.94,1.0
2015-02-11,3434.12,1.0
2015-02-12,3442.87,1.0
2015-02-13,3469.83,1.0
2015-02-16,3499.48,1.0
2015-02-17,3522.32,1.0
2015-02-25,3478.73,1.0
2015-02-26,3566.3,1.0
2015-02-27,3572.84,1.0
2015-03-02,3601.26,1.0
2015-03-03,3507.9,1.0
2015-03-04,3530.82,1.0
2015-03-05,3496.34,1.0
2015-03-06,3478.52,1.0
2015-03-09,3537.75,1.0
2015-03-10,3520.61,1.0
2015-03-11,3524.65,1.0
2015-03-12,3592.84,1.0
2015-03-13,3617.66,1.0
2015-03-16,3705.67,1.0
2015-03-17,3757.12,1.0
2015-03-18,3846.05,1.0
2015-03-19,3839.74,1.0
2015-03-20,3892.57,1.0
2015-03-23,3972.06,1.0
2015-03-24,3973.05,1.0
2015-03-25,3940.41,1.0
2015-03-26,3950.0,1.0
2015-03-27,3971.7,1.0
2015-03-30,4088.18,1.0
2015-03-31,4051.2,1.0
2015-04-01,4123.9,1.0
2015-04-02,4124.78,1.0
2015-04-03,4170.54,1.0
2015-04-07,4260.04,1.0
2015-04-08,4295.8,1.0
2015-04-09,4262.14,1.0
2015-04-10,4344.42,1.0
2015-04-13,4421.07,1.0
2015-04-14,4438.18,1.0
2015-04-15,4380.51,1.0
2015-04-16,4513.55,1.0
2015-04-17,4596.14,1.0
2015-04-20,4521.92,1.0
2015-04-21,4619.16,1.0
2015-04-22,4739.81,1.0
2015-04-23,4740.89,1.0
2015-04-24,4702.64,1.0
2015-04-27,4807.59,1.0
2015-04-28,4741.86,1.0
2015-04-29,4774.33,1.0
2015-04-30,4749.89,1.0
2015-05-04,4787.74,1.0
2015-05-05,4596.84,1.0
2015-05-06,4553.33,1.0
2015-05-07,4470.09,1.0
2015-05-08,4558.4,1.0
2015-05-11,4690.53,1.0
2015-05-12,4747.42,1.0
2015-05-13,4718.44,1.0
2015-05-14,4700.78,1.0
2015-05-15,4617.47,1.0
2015-05-18,4575.14,1.0
2015-05-19,4731.22,1.0
2015-05-20,4754.92,1.0
2015-05-21,4840.98,1.0
2015-05-22,4951.34,1.0
2015-05-25,5099.49,1.0
2015-05-26,5198.92,1.0
2015-05-27,5181.43,1.0
2015-05-28,4834.01,1.0
2015-05-29,4840.83,1.0
2015-06-01,5076.18,1.0
2015-06-02,5161.87,1.0
2015-06-03,5143.59,1.0
2015-06-04,5181.42,1.0
2015-06-05,5230.55,1.0
2015-06-08,5353.75,1.0
2015-06-09,5317.46,1.0
2015-06-10,5309.11,1.0
2015-06-11,5306.59,1.0
2015-06-12,5335.11,1.0
2015-06-15,5221.17,1.0
2015-06-16,5064.82,1.0
2015-06-17,5138.83,1.0
2015-06-18,4930.55,1.0
2015-06-19,4637.05,1.0
2015-06-23,4786.09,1.0
2015-06-24,4880.13,1.0
2015-06-25,4706.52,1.0
2015-06-26,4336.19,1.0
2015-06-29,4191.55,1.0
2015-06-30,4473.0,1.0
2015-07-01,4253.02,1.0
2015-07-02,4108.0,1.0
2015-07-03,3885.92,1.0
2015-07-06,3998.54,1.0
2015-07-07,3928.0,1.0
2015-07-08,3663.04,1.0
2015-07-09,3897.63,1.0
2015-07-10,4106.56,1.0
2015-07-13,4211.81,1.0
2015-07-14,4112.15,1.0
2015-07-15,3966.76,1.0
2015-07-16,3997.36,1.0
2015-07-17,4151.5,1.0
2015-07-20,4160.61,1.0
2015-07-21,4166.01,1.0
2015-07-22,4157.16,1.0
2015-07-23,4250.81,1.0
2015-07-24,4176.28,1.0
2015-07-27,3818.73,1.0
2015-07-28,3811.09,1.0
2015-07-29,3930.38,1.0
2015-07-30,3815.41,1.0
2015-07-31,3816.7,1.0
2015-08-03,3829.24,1.0
2015-08-04,3948.16,1.0
2015-08-05,3866.9,1.0
2015-08-06,3831.85,1.0
2015-08-07,3906.95,1.0
2015-08-10,4084.36,1.0
2015-08-11,4066.67,1.0
2015-08-12,4016.13,1.0
2015-08-13,4075.46,1.0
2015-08-14,4073.54,1.0
2015-08-17,4077.87,1.0
2015-08-18,3825.41,1.0
2015-08-19,3886.14,1.0
2015-08-20,3761.45,1.0
2015-08-21,3589.54,1.0
2015-08-24,3275.53,1.0
2015-08-25,3042.93,1.0
2015-08-26,3025.69,1.0
2015-08-27,3205.64,1.0
2015-08-28,3342.29,1.0
2015-08-31,3366.54,1.0
2015-09-01,3362.08,1.0
2015-09-02,3365.83,1.0
2015-09-07,3250.49,1.0
2015-09-08,3334.02,1.0
2015-09-09,3399.3,1.0
2015-09-10,3357.56,1.0
2015-09-11,3347.19,1.0
2015-09-14,3281.13,1.0
2015-09-15,3152.23,1.0
2015-09-16,3309.25,1.0
2015-09-17,3237.0,1.0
2015-09-18,3251.27,1.0
2015-09-21,3308.25,1.0
2015-09-22,3339.03,1.0
2015-09-23,3263.03,1.0
2015-09-24,3285.0,1.0
2015-09-25,3231.95,1.0
2015-09-28,3242.75,1.0
2015-09-29,3178.85,1.0
2015-09-30,3202.95,1.0
2015-10-08,3296.48,1.0
2015-10-09,3340.12,1.0
2015-10-12,3447.69,1.0
2015-10-13,3445.04,1.0
2015-10-14,3406.11,1.0
2015-10-15,3486.82,1.0
2015-10-16,3534.07,1.0
2015-10-19,3534.18,1.0
2015-10-20,3577.7,1.0
2015-10-21,3473.25,1.0
2015-10-22,3524.53,1.0
2015-10-23,3571.24,1.0
2015-10-26,3589.26,1.0
2015-10-27,3592.88,1.0
2015-10-28,3524.92,1.0
2015-10-29,3533.31,1.0
2015-10-30,3534.08,1.0
2015-11-02,3475.96,1.0
2015-11-03,3465.49,1.0
2015-11-04,3628.54,1.0
2015-11-05,3705.97,1.0
2015-11-06,3793.37,1.0
2015-11-09,3840.36,1.0
2015-11-10,3833.24,1.0
2015-11-11,3833.65,1.0
2015-11-12,3795.32,1.0
2015-11-13,3746.24,1.0
2015-11-16,3764.13,1.0
2015-11-17,3758.39,1.0
2015-11-18,3715.58,1.0
2015-11-19,3774.97,1.0
2015-11-20,3774.38,1.0
2015-11-23,3753.34,1.0
2015-11-24,3753.89,1.0
2015-11-25,3781.61,1.0
2015-11-26,3759.43,1.0
2015-11-27,3556.99,1.0
2015-11-30,3566.41,1.0
2015-12-01,3591.7,1.0
2015-12-02,3721.95,1.0
2015-12-03,3749.3,1.0
2015-12-04,3677.59,1.0
2015-12-07,3687.61,1.0
2015-12-08,3623.02,1.0
2015-12-09,3635.94,1.0
2015-12-10,3623.08,1.0
2015-12-11,3608.06,1.0
2015-12-14,3711.32,1.0
2015-12-15,3694.39,1.0
2015-12-16,3685.44,1.0
2015-12-17,3755.89,1.0
2015-12-18,3767.91,1.0
2015-12-21,3865.97,1.0
2015-12-22,3876.73,1.0
2015-12-23,3866.38,1.0
2015-12-24,3829.4,1.0
2015-12-25,3838.2,1.0
2015-12-28,3727.63,1.0
2015-12-29,3761.88,1.0
2015-12-30,3765.18,1.0
2015-12-31,3731.01,1.0
2016-01-04,3469.07,1.0
2016-01-05,3478.78,1.0
2016-01-06,3539.81,1.0
2016-01-07,3294.38,1.0
2016-01-08,3361.56,1.0
2016-01-11,3192.45,1.0
2016-01-12,3215.71,1.0
2016-01-13,3155.88,1.0
2016-01-14,3221.57,1.0
2016-01-15,3118.73,1.0
2016-01-18,3130.73,1.0
2016-01-19,3223.13,1.0
2016-01-20,3174.38,1.0
2016-01-21,3081.35,1.0
2016-01-22,3113.46,1.0
2016-01-25,3128.89,1.0
2016-01-26,2940.51,1.0
2016-01-27,2930.35,1.0
2016-01-28,2853.76,1.0
2016-01-29,2946.09,1.0
2016-02-01,2901.05,1.0
2016-02-02,2961.33,1.0
2016-02-03,2948.64,1.0
2016-02-04,2984.76,1.0
2016-02-05,2963.79,1.0
2016-02-15,2946.71,1.0
2016-02-16,3037.04,1.0
2016-02-17,3063.32,1.0
2016-02-18,3053.7,1.0
2016-02-19,3051.59,1.0
2016-02-22,3118.87,1.0
2016-02-23,3089.36,1.0
2016-02-24,3109.55,1.0
2016-02-25,2918.75,1.0
2016-02-26,2948.03,1.0
2016-02-29,2877.47,1.0
2016-03-01,2930.69,1.0
2016-03-02,3051.33,1.0
2016-03-03,3058.42,1.0
2016-03-04,3093.89,1.0
2016-03-07,3104.84,1.0
2016-03-08,3107.67,1.0
2016-03-09,3071.91,1.0
2016-03-10,3013.15,1.0
2016-03-11,3018.28,1.0
2016-03-14,3065.69,1.0
2016-03-15,3074.78,1.0
2016-03-16,3090.03,1.0
2016-03-17,3124.2,1.0
2016-03-18,3171.96,1.0
2016-03-21,3249.44,1.0
2016-03-22,3225.79,1.0
2016-03-23,3236.09,1.0
2016-03-24,3181.85,1.0
2016-03-25,3197.82,1.0
2016-03-28,3169.73,1.0
2016-03-29,3135.41,1.0
2016-03-30,3216.28,1.0
2016-03-31,3218.09,1.0
2016-04-01,3221.89,1.0
2016-04-05,3264.49,1.0
2016-04-06,3257.53,1.0
2016-04-07,3209.29,1.0
2016-04-08,3185.73,1.0
2016-04-11,3230.1,1.0
2016-04-12,3218.45,1.0
2016-04-13,3261.38,1.0
2016-04-14,3275.83,1.0
2016-04-15,3272.21,1.0
2016-04-18,3228.45,1.0
2016-04-19,3238.3,1.0
2016-04-20,3181.03,1.0
2016-04-21,3160.6,1.0
2016-04-22,3174.9,1.0
2016-04-25,3162.03,1.0
2016-04-26,3179.16,1.0
2016-04-27,3165.92,1.0
2016-04-28,3160.58,1.0
2016-04-29,3156.75,1.0
2016-05-03,3213.54,1.0
2016-05-04,3209.46,1.0
2016-05-05,3213.92,1.0
2016-05-06,3130.35,1.0
2016-05-09,3065.62,1.0
2016-05-10,3069.11,1.0
2016-05-11,3082.81,1.0
2016-05-12,3090.14,1.0
2016-05-13,3074.94,1.0
2016-05-16,3095.31,1.0
2016-05-17,3086.02,1.0
2016-05-18,3068.04,1.0
2016-05-19,3062.5,1.0
2016-05-20,3078.22,1.0
2016-05-23,3087.22,1.0
2016-05-24,3063.56,1.0
2016-05-25,3059.23,1.0
2016-05-26,3064.21,1.0
2016-05-27,3062.5,1.0
2016-05-30,3066.71,1.0
2016-05-31,3169.56,1.0
2016-06-01,3160.55,1.0
2016-06-02,3167.1,1.0
2016-06-03,3189.33,1.0
2016-06-06,3178.79,1.0
2016-06-07,3177.05,1.0
2016-06-08,3163.99,1.0
2016-06-13,3066.34,1.0
2016-06-14,3075.98,1.0
2016-06-15,3116.37,1.0
2016-06-16,3094.67,1.0
2016-06-17,3110.36,1.0
2016-06-20,3112.67,1.0
2016-06-21,3106.32,1.0
2016-06-22,3133.96,1.0
2016-06-23,3117.32,1.0
2016-06-24,3077.16,1.0
2016-06-27,3120.54,1.0
2016-06-28,3136.4,1.0
2016-06-29,3151.39,1.0
2016-06-30,3153.92,1.0
2016-07-01,3154.2,1.0
2016-07-04,3204.7,1.0
2016-07-05,3207.38,1.0
2016-07-06,3216.8,1.0
2016-07-07,3209.95,1.0
2016-07-08,3192.28,1.0
2016-07-11,3203.33,1.0
2016-07-12,3273.18,1.0
2016-07-13,3282.87,1.0
2016-07-14,3276.76,1.0
2016-07-15,3276.28,1.0
2016-07-18,3262.02,1.0
2016-07-19,3248.23,1.0
2016-07-20,3237.61,1.0
2016-07-21,3252.52,1.0
2016-07-22,3225.16,1.0
2016-07-25,3230.89,1.0
2016-07-26,3269.59,1.0
2016-07-27,3218.24,1.0
2016-07-28,3221.14,1.0
2016-07-29,3203.93,1.0
2016-08-01,3176.81,1.0
2016-08-02,3189.05,1.0
2016-08-03,3193.51,1.0
2016-08-04,3201.29,1.0
2016-08-05,3205.11,1.0
2016-08-08,3234.18,1.0
2016-08-09,3256.98,1.0
2016-08-10,3243.34,1.0
2016-08-11,3233.36,1.0
2016-08-12,3294.23,1.0
2016-08-15,3393.42,1.0
2016-08-16,3378.25,1.0
2016-08-17,3373.05,1.0
2016-08-18,3364.49,1.0
2016-08-19,3365.02,1.0
2016-08-22,3336.79,1.0
2016-08-23,3341.83,1.0
2016-08-24,3329.86,1.0
2016-08-25,3308.97,1.0
2016-08-26,3307.09,1.0
2016-08-29,3307.78,1.0
2016-08-30,3311.99,1.0
2016-08-31,3327.79,1.0
2016-09-01,3301.58,1.0
2016-09-02,3314.11,1.0
2016-09-05,3319.68,1.0
2016-09-06,3342.63,1.0
2016-09-07,3340.82,1.0
2016-09-08,3339.56,1.0
2016-09-09,3318.04,1.0
2016-09-12,3262.6,1.0
2016-09-13,3260.33,1.0
2016-09-14,3238.73,1.0
2016-09-19,3263.12,1.0
2016-09-20,3257.4,1.0
2016-09-21,3266.64,1.0
2016-09-22,3291.12,1.0
2016-09-23,3275.67,1.0
2016-09-26,3220.28,1.0
2016-09-27,3240.75,1.0
2016-09-28,3230.89,1.0
2016-09-29,3244.39,1.0
2016-09-30,3253.28,1.0
2016-10-10,3293.87,1.0
2016-10-11,3306.56,1.0
2016-10-12,3300.01,1.0
2016-10-13,3302.65,1.0
2016-10-14,3305.85,1.0
2016-10-17,3277.88,1.0
2016-10-18,3321.33,1.0
2016-10-19,3316.24,1.0
2016-10-20,3318.6,1.0
2016-10-21,3327.74,1.0
2016-10-24,3367.58,1.0
2016-10-25,3367.45,1.0
2016-10-26,3354.8,1.0
2016-10-27,3345.7,1.0
2016-10-28,3340.13,1.0
2016-10-31,3336.28,1.0
2016-11-01,3359.05,1.0
2016-11-02,3333.35,1.0
2016-11-03,3365.09,1.0
2016-11-04,3354.17,1.0
2016-11-07,3356.59,1.0
2016-11-08,3371.12,1.0
2016-11-09,3353.05,1.0
2016-11-10,3390.61,1.0
2016-11-11,3417.22,1.0
2016-11-14,3430.25,1.0
2016-11-15,3429.87,1.0
2016-11-16,3429.59,1.0
2016-11-17,3436.53,1.0
2016-11-18,3417.46,1.0
2016-11-21,3441.11,1.0
2016-11-22,3468.36,1.0
2016-11-23,3474.73,1.0
2016-11-24,3488.74,1.0
2016-11-25,3521.3,1.0
2016-11-28,3535.08,1.0
2016-11-29,3564.04,1.0
2016-11-30,3538.0,1.0
2016-12-01,3565.04,1.0
2016-12-02,3528.95,1.0
2016-12-05,3469.41,1.0
2016-12-06,3459.15,1.0
2016-12-07,3475.75,1.0
2016-12-08,3470.14,1.0
2016-12-09,3493.7,1.0
2016-12-12,3409.18,1.0
2016-12-13,3405.04,1.0
2016-12-14,3378.95,1.0
2016-12-15,3340.43,1.0
2016-12-16,3346.03,1.0
2016-12-19,3328.98,1.0
2016-12-20,3309.06,1.0
2016-12-21,3338.54,1.0
2016-12-22,3335.67,1.0
2016-12-23,3307.6,1.0
2016-12-26,3322.4,1.0
2016-12-27,3316.39,1.0
2016-12-28,3301.89,1.0
2016-12-29,3297.76,1.0
2016-12-30,3310.08,1.0
2017-01-03,3342.23,1.0
2017-01-04,3368.31,1.0
2017-01-05,3367.79,1.0
2017-01-06,3347.67,1.0
2017-01-09,3363.9,1.0
2017-01-10,3358.27,1.0
2017-01-11,3334.5,1.0
2017-01-12,3317.62,1.0
2017-01-13,3319.91,1.0
2017-01-16,3319.45,1.0
2017-01-17,3326.36,1.0
2017-01-18,3339.37,1.0
2017-01-19,3329.29,1.0
2017-01-20,3354.89,1.0
2017-01-23,3364.08,1.0
2017-01-24,3364.45,1.0
2017-01-25,3375.9,1.0
2017-01-26,3387.96,1.0
2017-02-03,3364.49,1.0
2017-02-06,3373.21,1.0
2017-02-07,3365.68,1.0
2017-02-08,3383.29,1.0
2017-02-09,3396.29,1.0
2017-02-10,3413.49,1.0
2017-02-13,3436.28,1.0
2017-02-14,3435.8,1.0
2017-02-15,3421.71,1.0
2017-02-16,3440.93,1.0
2017-02-17,3421.44,1.0
2017-02-20,3471.39,1.0
2017-02-21,3482.82,1.0
2017-02-22,3489.76,1.0
2017-02-23,3473.32,1.0
2017-02-24,3473.85,1.0
2017-02-27,3446.22,1.0
2017-02-28,3452.81,1.0
2017-03-01,3458.44,1.0
2017-03-02,3435.1,1.0
2017-03-03,3427.86,1.0
2017-03-06,3446.48,1.0
2017-03-07,3453.96,1.0
2017-03-08,3448.73,1.0
2017-03-09,3426.94,1.0
2017-03-10,3427.89,1.0
2017-03-13,3458.1,1.0
2017-03-14,3456.69,1.0
2017-03-15,3463.64,1.0
2017-03-16,3481.51,1.0
2017-03-17,3445.81,1.0
2017-03-20,3449.61,1.0
2017-03-21,3466.35,1.0
2017-03-22,3450.05,1.0
2017-03-23,3461.98,1.0
2017-03-24,3489.6,1.0
2017-03-27,3478.04,1.0
2017-03-28,3469.81,1.0
2017-03-29,3465.19,1.0
2017-03-30,3436.76,1.0
2017-03-31,3456.05,1.0
2017-04-05,3503.89,1.0
2017-04-06,3514.05,1.0
2017-04-07,3517.46,1.0
2017-04-10,3505.14,1.0
2017-04-11,3517.33,1.0
2017-04-12,3509.44,1.0
2017-04-13,3514.57,1.0
2017-04-14,3486.5,1.0
2017-04-17,3479.94,1.0
2017-04-18,3462.74,1.0
2017-04-19,3445.88,1.0
2017-04-20,3461.55,1.0
2017-04-21,3466.79,1.0
2017-04-24,3431.26,1.0
2017-04-25,3440.97,1.0
2017-04-26,3445.18,1.0
2017-04-27,3446.72,1.0
2017-04-28,3439.75,1.0
2017-05-02,3426.58,1.0
2017-05-03,3413.13,1.0
2017-05-04,3404.39,1.0
2017-05-05,3382.55,1.0
2017-05-08,3358.81,1.0
2017-05-09,3352.53,1.0
2017-05-10,3337.7,1.0
2017-05-11,3356.65,1.0
2017-05-12,3385.38,1.0
2017-05-15,3399.19,1.0
2017-05-16,3428.65,1.0
2017-05-17,3409.97,1.0
2017-05-18,3398.11,1.0
2017-05-19,3403.85,1.0
2017-05-22,3411.24,1.0
2017-05-23,3424.19,1.0
2017-05-24,3424.17,1.0
2017-05-25,3485.66,1.0
2017-05-26,3480.43,1.0
2017-05-31,3492.88,1.0
2017-06-01,3497.74,1.0
2017-06-02,3486.51,1.0
2017-06-05,3468.75,1.0
2017-06-06,3492.88,1.0
2017-06-07,3533.87,1.0
2017-06-08,3560.98,1.0
2017-06-09,3576.17,1.0
2017-06-12,3574.39,1.0
2017-06-13,3582.27,1.0
2017-06-14,3535.3,1.0
2017-06-15,3528.79,1.0
2017-06-16,3518.76,1.0
2017-06-19,3553.67,1.0
2017-06-20,3546.49,1.0
2017-06-21,3587.95,1.0
2017-06-22,3590.34,1.0
2017-06-23,3622.88,1.0
2017-06-26,3668.09,1.0
2017-06-27,3674.72,1.0
2017-06-28,3646.17,1.0
2017-06-29,3668.83,1.0
2017-06-30,3666.8,1.0
2017-07-03,3650.85,1.0
2017-07-04,3619.98,1.0
2017-07-05,3659.68,1.0
2017-07-06,3660.1,1.0
2017-07-07,3655.93,1.0
2017-07-10,3653.69,1.0
2017-07-11,3670.81,1.0
2017-07-12,3658.82,1.0
2017-07-13,3686.92,1.0
2017-07-14,3703.09,1.0
2017-07-17,3663.56,1.0
2017-07-18,3667.18,1.0
2017-07-19,3729.75,1.0
2017-07-20,3747.88,1.0
2017-07-21,3728.6,1.0
2017-07-24,3743.47,1.0
2017-07-25,3719.56,1.0
2017-07-26,3705.39,1.0
2017-07-27,3712.19,1.0
2017-07-28,3721.89,1.0
2017-07-31,3737.87,1.0
2017-08-01,3770.38,1.0
2017-08-02,3760.85,1.0
2017-08-03,3727.83,1.0
2017-08-04,3707.58,1.0
2017-08-07,3726.79,1.0
2017-08-08,3732.21,1.0
2017-08-09,3731.04,1.0
2017-08-10,3715.92,1.0
2017-08-11,3647.35,1.0
2017-08-14,3694.68,1.0
2017-08-15,3706.06,1.0
2017-08-16,3701.42,1.0
2017-08-17,3721.28,1.0
2017-08-18,3724.67,1.0
2017-08-21,3740.99,1.0
2017-08-22,3752.3,1.0
2017-08-23,3756.09,1.0
2017-08-24,3734.65,1.0
2017-08-25,3795.75,1.0
2017-08-28,3842.71,1.0
2017-08-29,3834.54,1.0
2017-08-30,3834.3,1.0
2017-08-31,3822.09,1.0
2017-09-01,3830.54,1.0
2017-09-04,3845.62,1.0
2017-09-05,3857.05,1.0
2017-09-06,3849.45,1.0
2017-09-07,3829.87,1.0
2017-09-08,3825.99,1.0
2017-09-11,3825.65,1.0
2017-09-12,3837.93,1.0
2017-09-13,3842.61,1.0
2017-09-14,3829.96,1.0
2017-09-15,3831.3,1.0
2017-09-18,3843.14,1.0
2017-09-19,3832.12,1.0
2017-09-20,3842.44,1.0
2017-09-21,3837.82,1.0
2017-09-22,3837.73,1.0
2017-09-25,3817.79,1.0
2017-09-26,3820.78,1.0
2017-09-27,3821.2,1.0
2017-09-28,3822.54,1.0
2017-09-29,3836.5,1.0
2017-10-09,3882.21,1.0
2017-10-10,3889.86,1.0
2017-10-11,3902.69,1.0
2017-10-12,3912.95,1.0
2017-10-13,3921.0,1.0
2017-10-16,3913.45,1.0
2017-10-17,3913.07,1.0
2017-10-18,3944.16,1.0
2017-10-19,3931.25,1.0
2017-10-20,3926.85,1.0
2017-10-23,3930.8,1.0
2017-10-24,3959.4,1.0
2017-10-25,3976.95,1.0
2017-10-26,3993.58,1.0
2017-10-27,4021.97,1.0
2017-10-30,4009.72,1.0
2017-10-31,4006.72,1.0
2017-11-01,3996.62,1.0
2017-11-02,3997.13,1.0
2017-11-03,3992.7,1.0
2017-11-06,4020.89,1.0
2017-11-07,4054.25,1.0
2017-11-08,4048.01,1.0
2017-11-09,4075.9,1.0
2017-11-10,4111.91,1.0
2017-11-13,4128.07,1.0
2017-11-14,4099.35,1.0
2017-11-15,4073.67,1.0
2017-11-16,4105.01,1.0
2017-11-17,4120.85,1.0
2017-11-20,4143.83,1.0
2017-11-21,4217.7,1.0
2017-11-22,4227.57,1.0
2017-11-23,4102.4,1.0
2017-11-24,4104.2,1.0
2017-11-27,4049.95,1.0
2017-11-28,4055.82,1.0
2017-11-29,4053.75,1.0
2017-11-30,4006.1,1.0
2017-12-01,3998.14,1.0
2017-12-04,4018.86,1.0
2017-12-05,4040.17,1.0
2017-12-06,4015.82,1.0
2017-12-07,3971.06,1.0
2017-12-08,4003.38,1.0
2017-12-11,4069.5,1.0
2017-12-12,4016.02,1.0
2017-12-13,4050.09,1.0
2017-12-14,4026.15,1.0
2017-12-15,3980.86,1.0
2017-12-18,3985.29,1.0
2017-12-19,4035.33,1.0
2017-12-20,4030.49,1.0
2017-12-21,4067.85,1.0
2017-12-22,4054.6,1.0
2017-12-25,4041.54,1.0
2017-12-26,4053.62,1.0
2017-12-27,3991.21,1.0
2017-12-28,4018.9,1.0
2017-12-29,4030.85,1.0
2018-01-02,4087.4,1.0
2018-01-03,4111.39,1.0
2018-01-04,4128.81,1.0
2018-01-05,4138.75,1.0
2018-01-08,4160.16,1.0
2018-01-09,4189.3,1.0
2018-01-10,4207.81,1.0
2018-01-11,4205.59,1.0
2018-01-12,4225.0,1.0
2018-01-15,4225.24,1.0
2018-01-16,4258.47,1.0
2018-01-17,4248.12,1.0
2018-01-18,4271.42,1.0
2018-01-19,4285.4,1.0
2018-01-22,4336.6,1.0
2018-01-23,4382.61,1.0
2018-01-24,4389.89,1.0
2018-01-25,4365.08,1.0
2018-01-26,4381.3,1.0
2018-01-29,4302.02,1.0
2018-01-30,4256.1,1.0
2018-01-31,4275.9,1.0
2018-02-01,4245.9,1.0
2018-02-02,4271.23,1.0
2018-02-05,4274.15,1.0
2018-02-06,4148.89,1.0
2018-02-07,4050.5,1.0
2018-02-08,4012.05,1.0
2018-02-09,3840.65,1.0
2018-02-12,3890.1,1.0
2018-02-13,3935.63,1.0
2018-02-14,3966.96,1.0
2018-02-22,4052.73,1.0
2018-02-23,4071.09,1.0
2018-02-26,4118.42,1.0
2018-02-27,4058.98,1.0
2018-02-28,4023.64,1.0
2018-03-01,4049.09,1.0
2018-03-02,4016.46,1.0
2018-03-05,4018.1,1.0
2018-03-06,4066.56,1.0
2018-03-07,4036.65,1.0
2018-03-08,4077.6,1.0
2018-03-09,4108.87,1.0
2018-03-12,4127.67,1.0
2018-03-13,4091.25,1.0
2018-03-14,4073.34,1.0
2018-03-15,4096.16,1.0
2018-03-16,4056.42,1.0
2018-03-19,4074.25,1.0
2018-03-20,4077.7,1.0
2018-03-21,4061.05,1.0
2018-03-22,4020.35,1.0
2018-03-23,3904.94,1.0
2018-03-26,3879.89,1.0
2018-03-27,3913.27,1.0
2018-03-28,3842.72,1.0
2018-03-29,3894.05,1.0
2018-03-30,3898.5,1.0
2018-04-02,3886.92,1.0
2018-04-03,3862.48,1.0
2018-04-04,3854.86,1.0
2018-04-09,3852.93,1.0
2018-04-10,3927.17,1.0
2018-04-11,3938.34,1.0
2018-04-12,3898.64,1.0
2018-04-13,3871.14,1.0
2018-04-16,3808.86,1.0
2018-04-17,3748.64,1.0
2018-04-18,3766.28,1.0
2018-04-19,3811.84,1.0
2018-04-20,3760.85,1.0
2018-04-23,3766.33,1.0
2018-04-24,3843.49,1.0
2018-04-25,3828.7,1.0
2018-04-26,3755.49,1.0
2018-04-27,3756.88,1.0
2018-05-02,3763.65,1.0
2018-05-03,3793.0,1.0
2018-05-04,3774.6,1.0
2018-05-07,3834.19,1.0
2018-05-08,3878.68,1.0
2018-05-09,3871.62,1.0
2018-05-10,3893.06,1.0
2018-05-11,3872.84,1.0
2018-05-14,3909.29,1.0
2018-05-15,3924.1,1.0
2018-05-16,3892.84,1.0
2018-05-17,3864.05,1.0
2018-05-18,3903.06,1.0
2018-05-21,3921.24,1.0
2018-05-22,3906.21,1.0
2018-05-23,3854.58,1.0
2018-05-24,3827.22,1.0
2018-05-25,3816.5,1.0
2018-05-28,3833.26,1.0
2018-05-29,3804.01,1.0
2018-05-30,3723.37,1.0
2018-05-31,3802.38,1.0
2018-06-01,3770.59,1.0
2018-06-04,3807.58,1.0
2018-06-05,3845.32,1.0
2018-06-06,3837.35,1.0
2018-06-07,3831.01,1.0
2018-06-08,3779.62,1.0
2018-06-11,3779.98,1.0
2018-06-12,3825.95,1.0
2018-06-13,3788.34,1.0
2018-06-14,3773.37,1.0
2018-06-15,3753.43,1.0
2018-06-19,3621.12,1.0
2018-06-20,3635.44,1.0
2018-06-21,3592.97,1.0
2018-06-22,3608.9,1.0
2018-06-25,3560.48,1.0
2018-06-26,3531.11,1.0
2018-06-27,3459.26,1.0
2018-06-28,3423.53,1.0
2018-06-29,3510.98,1.0
2018-07-02,3407.96,1.0
2018-07-03,3409.28,1.0
2018-07-04,3363.75,1.0
2018-07-05,3342.44,1.0
2018-07-06,3365.12,1.0
2018-07-09,3459.18,1.0
2018-07-10,3467.52,1.0
2018-07-11,3407.53,1.0
2018-07-12,3481.06,1.0
2018-07-13,3492.69,1.0
2018-07-16,3472.09,1.0
2018-07-17,3449.38,1.0
2018-07-18,3431.32,1.0
2018-07-19,3428.34,1.0
2018-07-20,3492.89,1.0
2018-07-23,3525.75,1.0
2018-07-24,3581.71,1.0
2018-07-25,3577.75,1.0
2018-07-26,3536.25,1.0
2018-07-27,3521.23,1.0
2018-07-30,3515.08,1.0
2018-07-31,3517.66,1.0
2018-08-01,3447.39,1.0
2018-08-02,3370.96,1.0
2018-08-03,3315.28,1.0
2018-08-06,3273.27,1.0
2018-08-07,3368.87,1.0
2018-08-08,3314.51,1.0
2018-08-09,3397.53,1.0
2018-08-10,3405.02,1.0
2018-08-13,3390.34,1.0
2018-08-14,3372.91,1.0
2018-08-15,3291.98,1.0
2018-08-16,3276.73,1.0
2018-08-17,3229.62,1.0
2018-08-20,3267.25,1.0
2018-08-21,3326.65,1.0
2018-08-22,3307.95,1.0
2018-08-23,3320.03,1.0
2018-08-24,3325.33,1.0
2018-08-27,3406.57,1.0
2018-08-28,3400.17,1.0
2018-08-29,3386.57,1.0
2018-08-30,3351.09,1.0
2018-08-31,3334.5,1.0
2018-09-03,3321.82,1.0
2018-09-04,3363.9,1.0
2018-09-05,3298.14,1.0
2018-09-06,3262.88,1.0
2018-09-07,3277.64,1.0
2018-09-10,3230.07,1.0
2018-09-11,3224.21,1.0
2018-09-12,3202.02,1.0
2018-09-13,3236.57,1.0
2018-09-14,3242.09,1.0
2018-09-17,3204.92,1.0
2018-09-18,3269.43,1.0
2018-09-19,3312.48,1.0
2018-09-20,3310.13,1.0
2018-09-21,3410.49,1.0
2018-09-25,3379.8,1.0
2018-09-26,3417.24,1.0
2018-09-27,3403.59,1.0
2018-09-28,3438.86,1.0
2018-10-08,3290.9,1.0
2018-10-09,3288.69,1.0
2018-10-10,3281.6,1.0
2018-10-11,3124.11,1.0
2018-10-12,3170.73,1.0
2018-10-15,3126.45,1.0
2018-10-16,3100.97,1.0
2018-10-17,3118.25,1.0
2018-10-18,3044.39,1.0
2018-10-19,3134.95,1.0
2018-10-22,3270.27,1.0
2018-10-23,3183.43,1.0
2018-10-24,3188.2,1.0
2018-10-25,3194.31,1.0
2018-10-26,3173.64,1.0
2018-10-29,3076.89,1.0
2018-10-30,3110.26,1.0
2018-10-31,3153.82,1.0
2018-11-01,3177.03,1.0
2018-11-02,3290.25,1.0
2018-11-05,3262.84,1.0
2018-11-06,3243.15,1.0
2018-11-07,3221.91,1.0
2018-11-08,3212.77,1.0
2018-11-09,3167.44,1.0
2018-11-12,3205.14,1.0
2018-11-13,3237.38,1.0
2018-11-14,3204.94,1.0
2018-11-15,3242.37,1.0
2018-11-16,3257.67,1.0
2018-11-19,3294.6,1.0
2018-11-20,3218.41,1.0
2018-11-21,3226.49,1.0
2018-11-22,3214.43,1.0
2018-11-23,3143.48,1.0
2018-11-26,3141.24,1.0
2018-11-27,3137.24,1.0
2018-11-28,3178.93,1.0
2018-11-29,3137.65,1.0
2018-11-30,3172.69,1.0
2018-12-03,3260.95,1.0
2018-12-04,3267.71,1.0
2018-12-05,3252.0,1.0
2018-12-06,3181.67,1.0
2018-12-07,3181.56,1.0
2018-12-10,3144.76,1.0
2018-12-11,3159.82,1.0
2018-12-12,3170.61,1.0
2018-12-13,3219.69,1.0
2018-12-14,3165.91,1.0
2018-12-17,3161.2,1.0
2018-12-18,3128.43,1.0
2018-12-19,3091.13,1.0
2018-12-20,3067.42,1.0
2018-12-21,3029.4,1.0
2018-12-24,3038.2,1.0
2018-12-25,3017.28,1.0
2018-12-26,3002.03,1.0
2018-12-27,2990.51,1.0
2018-12-28,3010.65,1.0
2019-01-02,2969.54,1.0
2019-01-03,2964.84,1.0
2019-01-04,3035.87,1.0
2019-01-07,3054.3,1.0
2019-01-08,3047.7,1.0
2019-01-09,3078.48,1.0
2019-01-10,3072.69,1.0
2019-01-11,3094.78,1.0
2019-01-14,3067.78,1.0
2019-01-15,3127.99,1.0
2019-01-16,3128.65,1.0
2019-01-17,3111.42,1.0
2019-01-18,3168.17,1.0
2019-01-21,3185.64,1.0
2019-01-22,3143.32,1.0
2019-01-23,3141.05,1.0
2019-01-24,3158.78,1.0
2019-01-25,3184.47,1.0
2019-01-28,3183.78,1.0
2019-01-29,3193.97,1.0
2019-01-30,3168.48,1.0
2019-01-31,3201.63,1.0
2019-02-01,3247.4,1.0
2019-02-11,3306.47,1.0
2019-02-12,3330.34,1.0
2019-02-13,3397.03,1.0
2019-02-14,3402.14,1.0
2019-02-15,3338.7,1.0
2019-02-18,3445.74,1.0
2019-02-19,3439.61,1.0
2019-02-20,3451.93,1.0
2019-02-21,3442.71,1.0
2019-02-22,3520.12,1.0
2019-02-25,3729.48,1.0
2019-02-26,3684.69,1.0
2019-02-27,3678.39,1.0
2019-02-28,3669.37,1.0
2019-03-01,3749.71,1.0
2019-03-04,3794.1,1.0
2019-03-05,3816.01,1.0
2019-03-06,3848.09,1.0
2019-03-07,3808.85,1.0
2019-03-08,3657.58,1.0
2019-03-11,3729.95,1.0
2019-03-12,3755.35,1.0
2019-03-13,3724.19,1.0
2019-03-14,3698.49,1.0
2019-03-15,3745.01,1.0
2019-03-18,3851.75,1.0
2019-03-19,3833.96,1.0
2019-03-20,3835.44,1.0
2019-03-21,3836.89,1.0
2019-03-22,3833.8,1.0
2019-03-25,3742.83,1.0
2019-03-26,3700.44,1.0
2019-03-27,3743.39,1.0
2019-03-28,3728.4,1.0
2019-03-29,3872.34,1.0
2019-04-01,3973.93,1.0
2019-04-02,3971.29,1.0
2019-04-03,4022.16,1.0
2019-04-04,4062.23,1.0
2019-04-08,4057.23,1.0
2019-04-09,4075.43,1.0
2019-04-10,4085.85,1.0
2019-04-11,3997.58,1.0
2019-04-12,3988.62,1.0
2019-04-15,3975.52,1.0
2019-04-16,4085.79,1.0
2019-04-17,4087.24,1.0
2019-04-18,4072.08,1.0
2019-04-19,4120.61,1.0
2019-04-22,4025.61,1.0
2019-04-23,4019.01,1.0
2019-04-24,4030.09,1.0
2019-04-25,3941.82,1.0
2019-04-26,3889.27,1.0
2019-04-29,3900.33,1.0
2019-04-30,3913.21,1.0
2019-05-06,3684.62,1.0
2019-05-07,3720.67,1.0
2019-05-08,3667.46,1.0
2019-05-09,3599.7,1.0
2019-05-10,3730.45,1.0
2019-05-13,3668.73,1.0
2019-05-14,3645.15,1.0
2019-05-15,3727.09,1.0
2019-05-16,3743.96,1.0
2019-05-17,3648.76,1.0
2019-05-20,3617.79,1.0
2019-05-21,3666.78,1.0
2019-05-22,3649.38,1.0
2019-05-23,3583.96,1.0
2019-05-24,3593.91,1.0
2019-05-27,3637.2,1.0
2019-05-28,3672.26,1.0
2019-05-29,3663.91,1.0
2019-05-30,3641.18,1.0
2019-05-31,3629.79,1.0
2019-06-03,3632.01,1.0
2019-06-04,3598.47,1.0
2019-06-05,3597.11,1.0
2019-06-06,3564.68,1.0
2019-06-10,3610.74,1.0
2019-06-11,3719.28,1.0
2019-06-12,3691.1,1.0
2019-06-13,3685.39,1.0
2019-06-14,3654.88,1.0
2019-06-17,3654.82,1.0
2019-06-18,3667.62,1.0
2019-06-19,3715.94,1.0
2019-06-20,3828.52,1.0
2019-06-21,3833.94,1.0
2019-06-24,3841.27,1.0
2019-06-25,3801.31,1.0
2019-06-26,3794.33,1.0
2019-06-27,3834.82,1.0
2019-06-28,3825.59,1.0
2019-07-01,3935.81,1.0
2019-07-02,3937.17,1.0
2019-07-03,3893.53,1.0
2019-07-04,3873.1,1.0
2019-07-05,3893.2,1.0
2019-07-08,3802.79,1.0
2019-07-09,3793.13,1.0
2019-07-10,3786.74,1.0
2019-07-11,3785.22,1.0
2019-07-12,3808.73,1.0
2019-07-15,3824.19,1.0
2019-07-16,3806.84,1.0
2019-07-17,3804.64,1.0
2019-07-18,3768.4,1.0
2019-07-19,3807.96,1.0
2019-07-22,3781.68,1.0
2019-07-23,3789.91,1.0
2019-07-24,3819.83,1.0
2019-07-25,3851.07,1.0
2019-07-26,3858.57,1.0
2019-07-29,3854.27,1.0
2019-07-30,3870.32,1.0
2019-07-31,3835.36,1.0
2019-08-01,3803.47,1.0
2019-08-02,3747.44,1.0
2019-08-05,3675.69,1.0
2019-08-06,3636.33,1.0
2019-08-07,3621.43,1.0
2019-08-08,3669.29,1.0
2019-08-09,3633.53,1.0
2019-08-12,3699.1,1.0
2019-08-13,3665.75,1.0
2019-08-14,3682.4,1.0
2019-08-15,3694.0,1.0
2019-08-16,3710.54,1.0
2019-08-19,3791.09,1.0
2019-08-20,3787.73,1.0
2019-08-21,3781.76,1.0
2019-08-22,3793.51,1.0
2019-08-23,3820.86,1.0
2019-08-26,3765.91,1.0
2019-08-27,3816.95,1.0
2019-08-28,3802.58,1.0
2019-08-29,3790.19,1.0
2019-08-30,3799.59,1.0
2019-09-02,3848.32,1.0
2019-09-03,3853.61,1.0
2019-09-04,3886.0,1.0
2019-09-05,3925.32,1.0
2019-09-06,3948.51,1.0
2019-09-09,3972.95,1.0
2019-09-10,3959.27,1.0
2019-09-11,3930.1,1.0
2019-09-12,3972.38,1.0
2019-09-16,3957.72,1.0
2019-09-17,3891.22,1.0
2019-09-18,3910.08,1.0
2019-09-19,3924.38,1.0
2019-09-20,3935.65,1.0
2019-09-23,3890.66,1.0
2019-09-24,3901.08,1.0
2019-09-25,3870.98,1.0
2019-09-26,3841.14,1.0
2019-09-27,3852.65,1.0
2019-09-30,3814.53,1.0
2019-10-08,3837.68,1.0
2019-10-09,3843.24,1.0
2019-10-10,3874.64,1.0
2019-10-11,3911.73,1.0
2019-10-14,3953.24,1.0
2019-10-15,3936.25,1.0
2019-10-16,3922.69,1.0
2019-10-17,3925.22,1.0
2019-10-18,3869.38,1.0
2019-10-21,3880.84,1.0
2019-10-22,3895.88,1.0
2019-10-23,3871.08,1.0
2019-10-24,3870.67,1.0
2019-10-25,3896.79,1.0
2019-10-28,3926.59,1.0
2019-10-29,3910.23,1.0
2019-10-30,3891.23,1.0
2019-10-31,3886.75,1.0
2019-11-01,3952.39,1.0
2019-11-04,3978.12,1.0
2019-11-05,4002.81,1.0
2019-11-06,3984.88,1.0
2019-11-07,3991.87,1.0
2019-11-08,3973.01,1.0
2019-11-11,3902.98,1.0
2019-11-12,3903.69,1.0
2019-11-13,3899.98,1.0
2019-11-14,3905.86,1.0
2019-11-15,3877.09,1.0
2019-11-18,3907.93,1.0
2019-11-19,3947.04,1.0
2019-11-20,3907.86,1.0
2019-11-21,3889.6,1.0
2019-11-22,3849.99,1.0
2019-11-25,3878.21,1.0
2019-11-26,3891.65,1.0
2019-11-27,3875.62,1.0
2019-11-28,3862.3,1.0
2019-11-29,3828.67,1.0
2019-12-02,3836.06,1.0
2019-12-03,3851.09,1.0
2019-12-04,3849.82,1.0
2019-12-05,3879.36,1.0
2019-12-06,3902.39,1.0
2019-12-09,3895.45,1.0
2019-12-10,3900.38,1.0
2019-12-11,3902.75,1.0
2019-12-12,3891.02,1.0
2019-12-13,3968.22,1.0
2019-12-16,3987.55,1.0
2019-12-17,4041.8,1.0
2019-12-18,4032.78,1.0
2019-12-19,4027.15,1.0
2019-12-20,4017.25,1.0
2019-12-23,3967.1,1.0
2019-12-24,3992.96,1.0
2019-12-25,3990.87,1.0
2019-12-26,4025.99,1.0
2019-12-27,4022.03,1.0
2019-12-30,4081.63,1.0
2019-12-31,4096.58,1.0
2020-01-02,4152.24,1.0
2020-01-03,4144.96,1.0
2020-01-06,4129.3,1.0
2020-01-07,4160.23,1.0
2020-01-08,4112.32,1.0
2020-01-09,4164.37,1.0
2020-01-10,4163.18,1.0
2020-01-13,4203.99,1.0
2020-01-14,4189.89,1.0
2020-01-15,4166.73,1.0
2020-01-16,4149.04,1.0
2020-01-17,4154.85,1.0
2020-01-20,4185.83,1.0
2020-01-21,4114.31,1.0
2020-01-22,4131.93,1.0
2020-01-23,4003.9,1.0
2020-02-03,3688.36,1.0
2020-02-04,3785.64,1.0
2020-02-05,3828.53,1.0
2020-02-06,3899.78,1.0
2020-02-07,3899.87,1.0
2020-02-10,3916.01,1.0
2020-02-11,3952.46,1.0
2020-02-12,3984.43,1.0
2020-02-13,3959.92,1.0
2020-02-14,3987.73,1.0
2020-02-17,4077.42,1.0
2020-02-18,4057.51,1.0
2020-02-19,4051.31,1.0
2020-02-20,4144.66,1.0
2020-02-21,4149.49,1.0
2020-02-24,4132.84,1.0
2020-02-25,4123.85,1.0
2020-02-26,4073.02,1.0
2020-02-27,4084.88,1.0
2020-02-28,3940.05,1.0
2020-03-02,4069.67,1.0
2020-03-03,4091.36,1.0
2020-03-04,4115.05,1.0
2020-03-05,4206.73,1.0
2020-03-06,4138.51,1.0
2020-03-09,3997.13,1.0
2020-03-10,4082.73,1.0
2020-03-11,4028.43,1.0
2020-03-12,3950.91,1.0
2020-03-13,3895.31,1.0
2020-03-16,3727.84,1.0
2020-03-17,3709.68,1.0
2020-03-18,3636.26,1.0
2020-03-19,3589.09,1.0
2020-03-20,3653.22,1.0
2020-03-23,3530.31,1.0
2020-03-24,3625.11,1.0
2020-03-25,3722.52,1.0
2020-03-26,3698.05,1.0
2020-03-27,3710.06,1.0
2020-03-30,3674.11,1.0
2020-03-31,3686.16,1.0
2020-04-01,3675.08,1.0
2020-04-02,3734.53,1.0
2020-04-03,3713.22,1.0
2020-04-07,3798.02,1.0
2020-04-08,3780.34,1.0
2020-04-09,3792.81,1.0
2020-04-10,3769.18,1.0
2020-04-13,3753.26,1.0
2020-04-14,3825.7,1.0
2020-04-15,3797.36,1.0
2020-04-16,3802.38,1.0
2020-04-17,3839.49,1.0
2020-04-20,3853.46,1.0
2020-04-21,3808.05,1.0
2020-04-22,3839.38,1.0
2020-04-23,3829.75,1.0
2020-04-24,3796.97,1.0
2020-04-27,3822.77,1.0
2020-04-28,3849.15,1.0
2020-04-29,3867.03,1.0
2020-04-30,3912.58,1.0
2020-05-06,3936.25,1.0
2020-05-07,3924.89,1.0
2020-05-08,3963.62,1.0
2020-05-11,3960.18,1.0
2020-05-12,3960.24,1.0
2020-05-13,3968.25,1.0
2020-05-14,3925.22,1.0
2020-05-15,3912.82,1.0
2020-05-18,3922.91,1.0
2020-05-19,3956.25,1.0
2020-05-20,3935.22,1.0
2020-05-21,3913.79,1.0
2020-05-22,3824.06,1.0
2020-05-25,3829.32,1.0
2020-05-26,3872.77,1.0
2020-05-27,3845.61,1.0
2020-05-28,3856.63,1.0
2020-05-29,3867.02,1.0
2020-06-01,3971.34,1.0
2020-06-02,3983.57,1.0
2020-06-03,3983.65,1.0
2020-06-04,3982.19,1.0
2020-06-05,4001.25,1.0
2020-06-08,4021.95,1.0
2020-06-09,4047.03,1.0
2020-06-10,4039.71,1.0
2020-06-11,3995.88,1.0
2020-06-12,4003.08,1.0
2020-06-15,3954.99,1.0
2020-06-16,4014.57,1.0
2020-06-17,4017.59,1.0
2020-06-18,4044.38,1.0
2020-06-19,4098.71,1.0
2020-06-22,4102.05,1.0
2020-06-23,4121.79,1.0
2020-06-24,4138.99,1.0
2020-06-29,4109.72,1.0
2020-06-30,4163.96,1.0
2020-07-01,4247.78,1.0
2020-07-02,4335.84,1.0
2020-07-03,4419.6,1.0
2020-07-06,4670.09,1.0
2020-07-07,4698.13,1.0
2020-07-08,4774.0,1.0
2020-07-09,4840.77,1.0
2020-07-10,4753.13,1.0
2020-07-13,4852.96,1.0
2020-07-14,4806.69,1.0
2020-07-15,4744.47,1.0
2020-07-16,4516.25,1.0
2020-07-17,4544.7,1.0
2020-07-20,4680.3,1.0
2020-07-21,4691.04,1.0
2020-07-22,4714.45,1.0
2020-07-23,4712.44,1.0
2020-07-24,4505.59,1.0
2020-07-27,4528.45,1.0
2020-07-28,4568.26,1.0
2020-07-29,4679.01,1.0
2020-07-30,4656.15,1.0
2020-07-31,4695.05,1.0
2020-08-03,4771.31,1.0
2020-08-04,4775.8,1.0
2020-08-05,4777.11,1.0
2020-08-06,4762.76,1.0
2020-08-07,4707.93,1.0
2020-08-10,4724.87,1.0
2020-08-11,4681.78,1.0
2020-08-12,4647.64,1.0
2020-08-13,4635.71,1.0
2020-08-14,4704.63,1.0
2020-08-17,4815.23,1.0
2020-08-18,4812.76,1.0
2020-08-19,4740.68,1.0
2020-08-20,4679.15,1.0
2020-08-21,4718.84,1.0
2020-08-24,4755.85,1.0
2020-08-25,4761.95,1.0
2020-08-26,4706.13,1.0
2020-08-27,4731.35,1.0
2020-08-28,4844.27,1.0
2020-08-31,4816.22,1.0
2020-09-01,4842.12,1.0
2020-09-02,4843.89,1.0
2020-09-03,4817.1,1.0
2020-09-04,4770.22,1.0
2020-09-07,4669.37,1.0
2020-09-08,4694.39,1.0
2020-09-09,4584.59,1.0
2020-09-10,4581.98,1.0
2020-09-11,4627.28,1.0
2020-09-14,4651.05,1.0
2020-09-15,4688.48,1.0
2020-09-16,4657.36,1.0
2020-09-17,4632.71,1.0
2020-09-18,4737.09,1.0
2020-09-21,4691.43,1.0
2020-09-22,4635.76,1.0
2020-09-23,4652.33,1.0
2020-09-24,4563.07,1.0
2020-09-25,4570.02,1.0
2020-09-28,4581.91,1.0
2020-09-29,4591.8,1.0
2020-09-30,4587.4,1.0
2020-10-09,4681.14,1.0
2020-10-12,4823.16,1.0
2020-10-13,4839.2,1.0
2020-10-14,4807.1,1.0
2020-10-15,4798.74,1.0
2020-10-16,4791.68,1.0
2020-10-19,4755.49,1.0
2020-10-20,4793.47,1.0
2020-10-21,4792.83,1.0
2020-10-22,4777.98,1.0
2020-10-23,4718.49,1.0
2020-10-26,4691.24,1.0
2020-10-27,4699.28,1.0
2020-10-28,4737.27,1.0
2020-10-29,4772.92,1.0
2020-10-30,4695.33,1.0
2020-11-02,4720.83,1.0
2020-11-03,4777.56,1.0
2020-11-04,4813.66,1.0
2020-11-05,4885.11,1.0
2020-11-06,4885.72,1.0
2020-11-09,4981.35,1.0
2020-11-10,4953.88,1.0
2020-11-11,4904.9,1.0
2020-11-12,4908.46,1.0
2020-11-13,4856.85,1.0
2020-11-16,4904.17,1.0
2020-11-17,4894.79,1.0
2020-11-18,4891.67,1.0
2020-11-19,4927.99,1.0
2020-11-20,4943.29,1.0
2020-11-23,5005.03,1.0
2020-11-24,4974.29,1.0
2020-11-25,4910.7,1.0
2020-11-26,4919.59,1.0
2020-11-27,4980.77,1.0
2020-11-30,4960.25,1.0
2020-12-01,5067.1,1.0
2020-12-02,5067.14,1.0
2020-12-03,5057.06,1.0
2020-12-04,5065.92,1.0
2020-12-07,5022.24,1.0
2020-12-08,5009.88,1.0
2020-12-09,4942.7,1.0
2020-12-10,4940.52,1.0
2020-12-11,4889.63,1.0
2020-12-14,4934.84,1.0
2020-12-15,4945.1,1.0
2020-12-16,4953.87,1.0
2020-12-17,5017.48,1.0
2020-12-18,4999.97,1.0
2020-12-21,5046.84,1.0
2020-12-22,4964.77,1.0
2020-12-23,5007.12,1.0
2020-12-24,5000.02,1.0
2020-12-25,5042.01,1.0
2020-12-28,5064.41,1.0
2020-12-29,5042.94,1.0
2020-12-30,5113.71,1.0
2020-12-31,5211.29,1.0
2021-01-04,5267.72,1.0
2021-01-05,5368.5,1.0
2021-01-06,5417.67,1.0
2021-01-07,5513.66,1.0
2021-01-08,5495.43,1.0
2021-01-11,5441.16,1.0
2021-01-12,5596.35,1.0
2021-01-13,5577.97,1.0
2021-01-14,5470.46,1.0
2021-01-15,5458.08,1.0
2021-01-18,5518.52,1.0
2021-01-19,5437.52,1.0
2021-01-20,5476.43,1.0
2021-01-21,5564.97,1.0
2021-01-22,5569.78,1.0
2021-01-25,5625.92,1.0
2021-01-26,5512.97,1.0
2021-01-27,5528.0,1.0
2021-01-28,5377.14,1.0
2021-01-29,5351.96,1.0
2021-02-01,5417.65,1.0
2021-02-02,5501.09,1.0
2021-02-03,5485.2,1.0
2021-02-04,5473.95,1.0
2021-02-05,5483.41,1.0
2021-02-08,5564.56,1.0
2021-02-09,5686.25,1.0
2021-02-10,5807.72,1.0
2021-02-18,5768.38,1.0
2021-02-19,5778.84,1.0
2021-02-22,5597.33,1.0
2021-02-23,5579.67,1.0
2021-02-24,5437.57,1.0
2021-02-25,5469.56,1.0
2021-02-26,5336.76,1.0
2021-03-01,5418.78,1.0
2021-03-02,5349.63,1.0
2021-03-03,5452.21,1.0
2021-03-04,5280.71,1.0
2021-03-05,5262.8,1.0
2021-03-08,5080.02,1.0
2021-03-09,4971.0,1.0
2021-03-10,5003.61,1.0
2021-03-11,5128.22,1.0
2021-03-12,5146.38,1.0
2021-03-15,5035.54,1.0
2021-03-16,5079.36,1.0
2021-03-17,5100.86,1.0
2021-03-18,5141.77,1.0
2021-03-19,5007.09,1.0
2021-03-22,5057.15,1.0
2021-03-23,5009.25,1.0
2021-03-24,4928.69,1.0
2021-03-25,4926.35,1.0
2021-03-26,5037.99,1.0
2021-03-29,5046.88,1.0
2021-03-30,5094.73,1.0
2021-03-31,5048.36,1.0
2021-04-01,5110.78,1.0
2021-04-02,5161.56,1.0
2021-04-06,5140.34,1.0
2021-04-07,5103.74,1.0
2021-04-08,5112.21,1.0
2021-04-09,5035.34,1.0
2021-04-12,4947.75,1.0
2021-04-13,4939.64,1.0
2021-04-14,4980.63,1.0
2021-04-15,4948.97,1.0
2021-04-16,4966.18,1.0
2021-04-19,5087.02,1.0
2021-04-20,5083.37,1.0
2021-04-21,5098.74,1.0
2021-04-22,5089.24,1.0
2021-04-23,5135.45,1.0
2021-04-26,5077.24,1.0
2021-04-27,5090.52,1.0
2021-04-28,5119.24,1.0
2021-04-29,5164.17,1.0
2021-04-30,5123.49,1.0
2021-05-06,5061.12,1.0
2021-05-07,4996.05,1.0
2021-05-10,4992.42,1.0
2021-05-11,5023.06,1.0
2021-05-12,5044.55,1.0
2021-05-13,4992.97,1.0
2021-05-14,5110.59,1.0
2021-05-17,5184.99,1.0
2021-05-18,5187.6,1.0
2021-05-19,5172.27,1.0
